Location_id,Sensor_id,State,Area,Sensor_name,Latitude,Longitude
407,710,Telangana,Zoo Park,co µg/m³,17.349694,78.451437
407,712,Telangana,Zoo Park,no2 µg/m³,17.349694,78.451437
407,713,Telangana,Zoo Park,so2 µg/m³,17.349694,78.451437
407,714,Telangana,Zoo Park,pm25 µg/m³,17.349694,78.451437
407,715,Telangana,Zoo Park,pm10 µg/m³,17.349694,78.451437
301,1166,Haryana,Vikas Sadan,pm25 µg/m³,28.4501238,77.0263051
697,1205,West Bengal,Haldia,no2 µg/m³,22.06047,88.109737
697,1207,West Bengal,Haldia,co µg/m³,22.06047,88.109737
697,1208,West Bengal,Haldia,so2 µg/m³,22.06047,88.109737
697,1209,West Bengal,Haldia,pm10 µg/m³,22.06047,88.109737
860,1545,Punjab,Sanjay Palace,pm25 µg/m³,27.19865833,78.00598056
860,1546,Punjab,Sanjay Palace,co µg/m³,27.19865833,78.00598056
2456,4712,Uttar Pradesh,Talkatora District Industries Center,co µg/m³,26.83399722,80.8917361
2456,5231,Uttar Pradesh,Talkatora District Industries Center,no2 µg/m³,26.83399722,80.8917361
2586,5339,Tamil Nadu,Manali,co µg/m³,13.164544,80.26285
2586,5340,Tamil Nadu,Manali,no2 µg/m³,13.164544,80.26285
2583,5343,Haryana,Sector-6,pm25 µg/m³,30.7057778,76.85318056
2583,5345,Haryana,Sector-6,so2 µg/m³,30.7057778,76.85318056
2583,5357,Haryana,Sector-6,no2 µg/m³,30.7057778,76.85318056
2583,5359,Haryana,Sector-6,co µg/m³,30.7057778,76.85318056
301,5396,Haryana,Vikas Sadan,co µg/m³,28.4501238,77.0263051
2596,5397,Maharashtra,Solapur,pm25 µg/m³,17.6599188,75.9063906
2596,5399,Maharashtra,Solapur,pm10 µg/m³,17.6599188,75.9063906
2596,5402,Maharashtra,Solapur,no2 µg/m³,17.6599188,75.9063906
2596,5403,Maharashtra,Solapur,so2 µg/m³,17.6599188,75.9063906
301,5405,Haryana,Vikas Sadan,so2 µg/m³,28.4501238,77.0263051
2596,5406,Maharashtra,Solapur,co µg/m³,17.6599188,75.9063906
301,5409,Haryana,Vikas Sadan,no2 µg/m³,28.4501238,77.0263051
2456,14237,Uttar Pradesh,Talkatora District Industries Center,pm25 µg/m³,26.83399722,80.8917361
2456,14238,Uttar Pradesh,Talkatora District Industries Center,so2 µg/m³,26.83399722,80.8917361
2586,14311,Tamil Nadu,Manali,so2 µg/m³,13.164544,80.26285
2586,14319,Tamil Nadu,Manali,pm25 µg/m³,13.164544,80.26285
860,14322,Punjab,Sanjay Palace,so2 µg/m³,27.19865833,78.00598056
5509,14519,Delhi (NCT),Anand Vihar,co µg/m³,28.647622,77.315809
5509,14520,Delhi (NCT),Anand Vihar,so2 µg/m³,28.647622,77.315809
5509,14521,Delhi (NCT),Anand Vihar,pm25 µg/m³,28.647622,77.315809
5509,14522,Delhi (NCT),Anand Vihar,pm10 µg/m³,28.647622,77.315809
5509,14523,Delhi (NCT),Anand Vihar,no2 µg/m³,28.647622,77.315809
5541,14620,Delhi (NCT),Burari Crossing,pm10 µg/m³,28.7256504,77.2011573
5542,14623,Punjab,Civil Line,so2 µg/m³,31.321907,75.578914
5544,14629,Punjab,Model Town,so2 µg/m³,30.349388,76.366642
5546,14632,Jharkhand,Tata Stadium,so2 µg/m³,23.707909,86.41467
5546,14633,Jharkhand,Tata Stadium,no2 µg/m³,23.707909,86.41467
5547,14634,Karnataka,BWSSB Kadabesanahalli,so2 µg/m³,12.9352049,77.6814488
5548,14635,Karnataka,BTM Layout,pm25 µg/m³,12.9135218,77.5950804
5547,14636,Karnataka,BWSSB Kadabesanahalli,no2 µg/m³,12.9352049,77.6814488
5547,14637,Karnataka,BWSSB Kadabesanahalli,co µg/m³,12.9352049,77.6814488
5548,14639,Karnataka,BTM Layout,no2 µg/m³,12.9135218,77.5950804
5547,14641,Karnataka,BWSSB Kadabesanahalli,pm25 µg/m³,12.9352049,77.6814488
5548,14642,Karnataka,BTM Layout,so2 µg/m³,12.9135218,77.5950804
5546,14643,Jharkhand,Tata Stadium,pm10 µg/m³,23.707909,86.41467
5548,14657,Karnataka,BTM Layout,co µg/m³,12.9135218,77.5950804
5558,14680,Tamil Nadu,Alandur Bus Depot,pm25 µg/m³,12.909916100000002,80.1076538
5558,14681,Tamil Nadu,Alandur Bus Depot,no2 µg/m³,12.909916100000002,80.1076538
5558,14682,Tamil Nadu,Alandur Bus Depot,so2 µg/m³,12.909916100000002,80.1076538
5559,14683,Bihar,Collectorate,pm25 µg/m³,24.7955,84.9994
5559,14684,Bihar,Collectorate,so2 µg/m³,24.7955,84.9994
5559,14685,Bihar,Collectorate,no2 µg/m³,24.7955,84.9994
5558,14690,Tamil Nadu,Alandur Bus Depot,co µg/m³,12.909916100000002,80.1076538
5565,14701,Maharashtra,MIDC Khutala,so2 µg/m³,19.9775302,79.2337086
5565,14702,Maharashtra,MIDC Khutala,pm25 µg/m³,19.9775302,79.2337086
5565,14703,Maharashtra,MIDC Khutala,pm10 µg/m³,19.9775302,79.2337086
5565,14704,Maharashtra,MIDC Khutala,no2 µg/m³,19.9775302,79.2337086
5566,14705,Odisha,"Talcher Coalfields,Talcher",no2 µg/m³,20.9360711,85.1707021
5570,14717,Delhi (NCT),Aya Nagar,pm25 µg/m³,28.474261,77.131606
5574,14732,Karnataka,City Railway Station,so2 µg/m³,12.9756843,77.5660749
5566,14737,Odisha,"Talcher Coalfields,Talcher",co µg/m³,20.9360711,85.1707021
5559,14738,Bihar,Collectorate,co µg/m³,24.7955,84.9994
5566,14739,Odisha,"Talcher Coalfields,Talcher",so2 µg/m³,20.9360711,85.1707021
5576,14740,Rajasthan,Moti Doongri,so2 µg/m³,27.554793,76.611536
5566,14741,Odisha,"Talcher Coalfields,Talcher",pm10 µg/m³,20.9360711,85.1707021
5566,14743,Odisha,"Talcher Coalfields,Talcher",pm25 µg/m³,20.9360711,85.1707021
5565,14766,Maharashtra,MIDC Khutala,co µg/m³,19.9775302,79.2337086
5585,14767,Rajasthan,Ashok Nagar,so2 µg/m³,24.5886166,73.6321397
5585,14768,Rajasthan,Ashok Nagar,no2 µg/m³,24.5886166,73.6321397
5585,14770,Rajasthan,Ashok Nagar,pm10 µg/m³,24.5886166,73.6321397
5585,14772,Rajasthan,Ashok Nagar,pm25 µg/m³,24.5886166,73.6321397
5574,14773,Karnataka,City Railway Station,no2 µg/m³,12.9756843,77.5660749
5587,14774,Rajasthan,Collectorate,so2 µg/m³,26.268249,73.0193853
5574,14775,Karnataka,City Railway Station,pm10 µg/m³,12.9756843,77.5660749
5574,14779,Karnataka,City Railway Station,co µg/m³,12.9756843,77.5660749
5546,14780,Jharkhand,Tata Stadium,co µg/m³,23.707909,86.41467
5590,14788,Punjab,Ardhali Bazar,no2 µg/m³,25.3505986,82.9083074
5590,14790,Punjab,Ardhali Bazar,pm10 µg/m³,25.3505986,82.9083074
5592,14793,Maharashtra,Gangapur Road,so2 µg/m³,20.0073285,73.7762427
5592,14794,Maharashtra,Gangapur Road,pm25 µg/m³,20.0073285,73.7762427
5592,14795,Maharashtra,Gangapur Road,pm10 µg/m³,20.0073285,73.7762427
5590,14797,Punjab,Ardhali Bazar,so2 µg/m³,25.3505986,82.9083074
5592,14798,Maharashtra,Gangapur Road,no2 µg/m³,20.0073285,73.7762427
5590,14799,Punjab,Ardhali Bazar,pm25 µg/m³,25.3505986,82.9083074
5593,14801,Himachal Pradesh,Pimpleshwar Mandir,pm10 µg/m³,19.192056,72.9585188
5593,14802,Himachal Pradesh,Pimpleshwar Mandir,no2 µg/m³,19.192056,72.9585188
5594,14803,Bihar,Muzaffarpur Collectorate,pm25 µg/m³,26.1209,85.3647
5593,14804,Himachal Pradesh,Pimpleshwar Mandir,so2 µg/m³,19.192056,72.9585188
5590,14805,Punjab,Ardhali Bazar,co µg/m³,25.3505986,82.9083074
5593,14806,Himachal Pradesh,Pimpleshwar Mandir,pm25 µg/m³,19.192056,72.9585188
5596,14810,Andhra Pradesh,Secretariat,no2 µg/m³,16.5150833,80.5181667
5599,14813,Telangana,Bollaram Industrial Area,pm10 µg/m³,17.540891,78.358528
5596,14814,Andhra Pradesh,Secretariat,co µg/m³,16.5150833,80.5181667
5585,14817,Rajasthan,Ashok Nagar,co µg/m³,24.5886166,73.6321397
5601,14819,Punjab,Lajpat Nagar,so2 µg/m³,28.825341,78.7213009
5599,14820,Telangana,Bollaram Industrial Area,co µg/m³,17.540891,78.358528
5596,14821,Andhra Pradesh,Secretariat,pm10 µg/m³,16.5150833,80.5181667
5602,14822,West Bengal,Asansol Court Area,co µg/m³,23.685297,86.945968
5602,14823,West Bengal,Asansol Court Area,no2 µg/m³,23.685297,86.945968
5569,14824,Punjab,Punjab Agricultural University,so2 µg/m³,30.9028,75.8086
5596,14825,Andhra Pradesh,Secretariat,pm25 µg/m³,16.5150833,80.5181667
5569,14826,Punjab,Punjab Agricultural University,pm25 µg/m³,30.9028,75.8086
5569,14827,Punjab,Punjab Agricultural University,pm10 µg/m³,30.9028,75.8086
5596,14829,Andhra Pradesh,Secretariat,so2 µg/m³,16.5150833,80.5181667
5593,14830,Himachal Pradesh,Pimpleshwar Mandir,co µg/m³,19.192056,72.9585188
5569,14831,Punjab,Punjab Agricultural University,no2 µg/m³,30.9028,75.8086
5569,14832,Punjab,Punjab Agricultural University,co µg/m³,30.9028,75.8086
5602,14833,West Bengal,Asansol Court Area,pm10 µg/m³,23.685297,86.945968
5602,14835,West Bengal,Asansol Court Area,pm25 µg/m³,23.685297,86.945968
5603,14836,Madhya Pradesh,Sector-2 Industrial Area,no2 µg/m³,22.624758,75.675238
5602,14837,West Bengal,Asansol Court Area,so2 µg/m³,23.685297,86.945968
5603,14839,Madhya Pradesh,Sector-2 Industrial Area,co µg/m³,22.624758,75.675238
5599,14842,Telangana,Bollaram Industrial Area,no2 µg/m³,17.540891,78.358528
5607,14850,Karnataka,Peenya,no2 µg/m³,13.0270199,77.494094
5544,14852,Punjab,Model Town,no2 µg/m³,30.349388,76.366642
5608,14855,Odisha,GM Office,pm25 µg/m³,21.8004996,83.8396977
5603,14856,Madhya Pradesh,Sector-2 Industrial Area,pm10 µg/m³,22.624758,75.675238
5609,14858,Andhra Pradesh,Anam Kala Kendram,co µg/m³,16.9872867,81.7363176
5607,14859,Karnataka,Peenya,pm25 µg/m³,13.0270199,77.494094
5610,14860,Delhi (NCT),North Campus,pm25 µg/m³,28.6573814,77.1585447
5607,14862,Karnataka,Peenya,so2 µg/m³,13.0270199,77.494094
5611,14863,Maharashtra,Chandrapur,so2 µg/m³,19.645324,77.6345232
5612,14864,Rajasthan,Shastri Nagar,co µg/m³,26.9502929,75.730943
5592,14868,Maharashtra,Gangapur Road,co µg/m³,20.0073285,73.7762427
5614,14870,West Bengal,Padmapukur,co µg/m³,22.5687319,88.2797276
5609,14871,Andhra Pradesh,Anam Kala Kendram,no2 µg/m³,16.9872867,81.7363176
5615,14872,Chhattisgarh,Sidhu Kanhu Indoor Stadium,so2 µg/m³,23.5404352,87.2892225
5612,14873,Rajasthan,Shastri Nagar,no2 µg/m³,26.9502929,75.730943
5544,14874,Punjab,Model Town,co µg/m³,30.349388,76.366642
5614,14875,West Bengal,Padmapukur,no2 µg/m³,22.5687319,88.2797276
5614,14882,West Bengal,Padmapukur,pm10 µg/m³,22.5687319,88.2797276
5614,14883,West Bengal,Padmapukur,pm25 µg/m³,22.5687319,88.2797276
5614,14885,West Bengal,Padmapukur,so2 µg/m³,22.5687319,88.2797276
5610,14886,Delhi (NCT),North Campus,pm10 µg/m³,28.6573814,77.1585447
5617,14887,Haryana,Sector- 16A,no2 µg/m³,28.4088421,77.3099081
5615,14890,Chhattisgarh,Sidhu Kanhu Indoor Stadium,pm10 µg/m³,23.5404352,87.2892225
5603,14891,Madhya Pradesh,Sector-2 Industrial Area,pm25 µg/m³,22.624758,75.675238
5612,14894,Rajasthan,Shastri Nagar,pm10 µg/m³,26.9502929,75.730943
5608,14895,Odisha,GM Office,pm10 µg/m³,21.8004996,83.8396977
5609,14899,Andhra Pradesh,Anam Kala Kendram,pm10 µg/m³,16.9872867,81.7363176
5615,14900,Chhattisgarh,Sidhu Kanhu Indoor Stadium,no2 µg/m³,23.5404352,87.2892225
5615,14901,Chhattisgarh,Sidhu Kanhu Indoor Stadium,co µg/m³,23.5404352,87.2892225
5610,14902,Delhi (NCT),North Campus,no2 µg/m³,28.6573814,77.1585447
5603,14903,Madhya Pradesh,Sector-2 Industrial Area,so2 µg/m³,22.624758,75.675238
5619,14904,Madhya Pradesh,Vindhyachal STPS,co µg/m³,24.10897,82.64558
5619,14906,Madhya Pradesh,Vindhyachal STPS,no2 µg/m³,24.10897,82.64558
5609,14907,Andhra Pradesh,Anam Kala Kendram,pm25 µg/m³,16.9872867,81.7363176
5610,14909,Delhi (NCT),North Campus,co µg/m³,28.6573814,77.1585447
5541,14912,Delhi (NCT),Burari Crossing,pm25 µg/m³,28.7256504,77.2011573
5619,14913,Madhya Pradesh,Vindhyachal STPS,pm10 µg/m³,24.10897,82.64558
5619,14914,Madhya Pradesh,Vindhyachal STPS,pm25 µg/m³,24.10897,82.64558
5619,14915,Madhya Pradesh,Vindhyachal STPS,so2 µg/m³,24.10897,82.64558
5622,14916,Delhi (NCT),NSIT Dwarka,co µg/m³,28.60909,77.0325413
5623,14918,Telangana,Central University,no2 µg/m³,17.460103,78.334361
5622,14919,Delhi (NCT),NSIT Dwarka,no2 µg/m³,28.60909,77.0325413
5622,14922,Delhi (NCT),NSIT Dwarka,pm25 µg/m³,28.60909,77.0325413
5622,14923,Delhi (NCT),NSIT Dwarka,so2 µg/m³,28.60909,77.0325413
5609,14925,Andhra Pradesh,Anam Kala Kendram,so2 µg/m³,16.9872867,81.7363176
5621,14927,Maharashtra,Opp GPO Civil Lines,no2 µg/m³,21.152875,79.0517531
5624,14928,Telangana,IDA Pashamylaram,so2 µg/m³,17.5316895,78.218939
5617,14930,Haryana,Sector- 16A,pm25 µg/m³,28.4088421,77.3099081
5625,14932,Himachal Pradesh,RIMT University,so2 µg/m³,30.649961,76.331442
5626,14933,Delhi (NCT),DTU,co µg/m³,28.7500499,77.1112615
5627,14935,Delhi (NCT),CRRI Mathura Road,pm25 µg/m³,28.5512005,77.2735737
5541,14936,Delhi (NCT),Burari Crossing,no2 µg/m³,28.7256504,77.2011573
5611,14937,Maharashtra,Chandrapur,pm25 µg/m³,19.645324,77.6345232
5628,14939,Andhra Pradesh,GVM Corporation,so2 µg/m³,17.722682,83.308197
5621,14940,Maharashtra,Opp GPO Civil Lines,co µg/m³,21.152875,79.0517531
5626,14941,Delhi (NCT),DTU,no2 µg/m³,28.7500499,77.1112615
5628,14944,Andhra Pradesh,GVM Corporation,pm25 µg/m³,17.722682,83.308197
5625,14945,Himachal Pradesh,RIMT University,pm25 µg/m³,30.649961,76.331442
5627,14946,Delhi (NCT),CRRI Mathura Road,pm10 µg/m³,28.5512005,77.2735737
5628,14947,Andhra Pradesh,GVM Corporation,pm10 µg/m³,17.722682,83.308197
5630,14952,Delhi (NCT),Shadipur,so2 µg/m³,28.6514781,77.1473105
5628,14957,Andhra Pradesh,GVM Corporation,no2 µg/m³,17.722682,83.308197
5541,14958,Delhi (NCT),Burari Crossing,co µg/m³,28.7256504,77.2011573
5630,14959,Delhi (NCT),Shadipur,pm25 µg/m³,28.6514781,77.1473105
5625,14960,Himachal Pradesh,RIMT University,pm10 µg/m³,30.649961,76.331442
5631,14963,Gujarat,Maninagar,so2 µg/m³,23.002657,72.591912
5631,14964,Gujarat,Maninagar,pm25 µg/m³,23.002657,72.591912
5632,14965,Himachal Pradesh,Sector-D Industrial Area,co µg/m³,23.10844,77.511428
5632,14968,Himachal Pradesh,Sector-D Industrial Area,no2 µg/m³,23.10844,77.511428
5628,14969,Andhra Pradesh,GVM Corporation,co µg/m³,17.722682,83.308197
5633,14970,Rajasthan,Police Commissionerate,so2 µg/m³,26.9164092,75.7994901
5633,14971,Rajasthan,Police Commissionerate,pm25 µg/m³,26.9164092,75.7994901
5633,14973,Rajasthan,Police Commissionerate,pm10 µg/m³,26.9164092,75.7994901
5626,14974,Delhi (NCT),DTU,pm10 µg/m³,28.7500499,77.1112615
5633,14977,Rajasthan,Police Commissionerate,no2 µg/m³,26.9164092,75.7994901
5634,14978,Delhi (NCT),Lodhi Road,co µg/m³,28.5918245,77.2273074
5634,14980,Delhi (NCT),Lodhi Road,no2 µg/m³,28.5918245,77.2273074
5633,14982,Rajasthan,Police Commissionerate,co µg/m³,26.9164092,75.7994901
5634,14983,Delhi (NCT),Lodhi Road,pm10 µg/m³,28.5918245,77.2273074
5634,14984,Delhi (NCT),Lodhi Road,pm25 µg/m³,28.5918245,77.2273074
5626,14985,Delhi (NCT),DTU,pm25 µg/m³,28.7500499,77.1112615
5608,14987,Odisha,GM Office,no2 µg/m³,21.8004996,83.8396977
5635,14988,Rajasthan,Adarsh Nagar,co µg/m³,26.902909,75.836858
5632,14989,Himachal Pradesh,Sector-D Industrial Area,pm10 µg/m³,23.10844,77.511428
5631,14991,Gujarat,Maninagar,no2 µg/m³,23.002657,72.591912
5636,14994,Rajasthan,Shrinath Puram,so2 µg/m³,25.14389,75.821256
5632,14995,Himachal Pradesh,Sector-D Industrial Area,pm25 µg/m³,23.10844,77.511428
5631,14996,Gujarat,Maninagar,co µg/m³,23.002657,72.591912
5636,14997,Rajasthan,Shrinath Puram,pm25 µg/m³,25.14389,75.821256
5636,14999,Rajasthan,Shrinath Puram,pm10 µg/m³,25.14389,75.821256
5636,15000,Rajasthan,Shrinath Puram,no2 µg/m³,25.14389,75.821256
5632,15001,Himachal Pradesh,Sector-D Industrial Area,so2 µg/m³,23.10844,77.511428
5612,15005,Rajasthan,Shastri Nagar,pm25 µg/m³,26.9502929,75.730943
5638,15006,Rajasthan,Indira Colony Vistar,co µg/m³,25.771061,73.340227
5625,15009,Himachal Pradesh,RIMT University,no2 µg/m³,30.649961,76.331442
5570,15010,Delhi (NCT),Aya Nagar,co µg/m³,28.474261,77.131606
5638,15018,Rajasthan,Indira Colony Vistar,no2 µg/m³,25.771061,73.340227
5570,15019,Delhi (NCT),Aya Nagar,no2 µg/m³,28.474261,77.131606
5642,15020,Bihar,More Chowk Waluj,so2 µg/m³,19.8389439,75.244448
860,15024,Punjab,Sanjay Palace,no2 µg/m³,27.19865833,78.00598056
5570,15027,Delhi (NCT),Aya Nagar,pm10 µg/m³,28.474261,77.131606
5611,15029,Maharashtra,Chandrapur,pm10 µg/m³,19.645324,77.6345232
5644,15032,Karnataka,Sanegurava Halli,so2 µg/m³,12.990328,77.5431385
5644,15033,Karnataka,Sanegurava Halli,pm10 µg/m³,12.990328,77.5431385
5644,15035,Karnataka,Sanegurava Halli,no2 µg/m³,12.990328,77.5431385
5645,15037,Gujarat,ICRISAT Patancheru,co µg/m³,17.5184,78.278777
5644,15039,Karnataka,Sanegurava Halli,co µg/m³,12.990328,77.5431385
5638,15040,Rajasthan,Indira Colony Vistar,pm10 µg/m³,25.771061,73.340227
5646,15041,Kerala,Plammoodu,so2 µg/m³,8.5149093,76.9435879
5638,15043,Rajasthan,Indira Colony Vistar,pm25 µg/m³,25.771061,73.340227
5638,15044,Rajasthan,Indira Colony Vistar,so2 µg/m³,25.771061,73.340227
5646,15045,Kerala,Plammoodu,pm25 µg/m³,8.5149093,76.9435879
5623,15046,Telangana,Central University,pm10 µg/m³,17.460103,78.334361
5646,15047,Kerala,Plammoodu,pm10 µg/m³,8.5149093,76.9435879
5608,15048,Odisha,GM Office,co µg/m³,21.8004996,83.8396977
5647,15049,Telangana,Sanathnagar,co µg/m³,17.4559458,78.4332152
5647,15051,Telangana,Sanathnagar,no2 µg/m³,17.4559458,78.4332152
5646,15052,Kerala,Plammoodu,no2 µg/m³,8.5149093,76.9435879
5630,15053,Delhi (NCT),Shadipur,no2 µg/m³,28.6514781,77.1473105
5636,15054,Rajasthan,Shrinath Puram,co µg/m³,25.14389,75.821256
5646,15055,Kerala,Plammoodu,co µg/m³,8.5149093,76.9435879
5648,15056,West Bengal,Ward-32 Bapupara,co µg/m³,26.6883049,88.412668
5642,15060,Bihar,More Chowk Waluj,co µg/m³,19.8389439,75.244448
5647,15061,Telangana,Sanathnagar,so2 µg/m³,17.4559458,78.4332152
5551,15062,Punjab,Golden Temple,co µg/m³,31.62,74.876512
5649,15064,Andhra Pradesh,Tirumala,co µg/m³,13.67,79.35
5647,15065,Telangana,Sanathnagar,pm25 µg/m³,17.4559458,78.4332152
5551,15067,Punjab,Golden Temple,no2 µg/m³,31.62,74.876512
5648,15070,West Bengal,Ward-32 Bapupara,no2 µg/m³,26.6883049,88.412668
5648,15075,West Bengal,Ward-32 Bapupara,pm10 µg/m³,26.6883049,88.412668
5648,15079,West Bengal,Ward-32 Bapupara,pm25 µg/m³,26.6883049,88.412668
5648,15080,West Bengal,Ward-32 Bapupara,so2 µg/m³,26.6883049,88.412668
5627,15082,Delhi (NCT),CRRI Mathura Road,no2 µg/m³,28.5512005,77.2735737
5551,15083,Punjab,Golden Temple,pm10 µg/m³,31.62,74.876512
5652,15084,Bihar,IGSC Planetarium Complex,co µg/m³,25.5941,85.1376
5652,15085,Bihar,IGSC Planetarium Complex,no2 µg/m³,25.5941,85.1376
5652,15087,Bihar,IGSC Planetarium Complex,pm25 µg/m³,25.5941,85.1376
5551,15088,Punjab,Golden Temple,pm25 µg/m³,31.62,74.876512
5652,15089,Bihar,IGSC Planetarium Complex,so2 µg/m³,25.5941,85.1376
5642,15090,Bihar,More Chowk Waluj,no2 µg/m³,19.8389439,75.244448
5642,15096,Bihar,More Chowk Waluj,pm10 µg/m³,19.8389439,75.244448
5627,15098,Delhi (NCT),CRRI Mathura Road,co µg/m³,28.5512005,77.2735737
5625,15101,Himachal Pradesh,RIMT University,co µg/m³,30.649961,76.331442
5642,15105,Bihar,More Chowk Waluj,pm25 µg/m³,19.8389439,75.244448
5617,15107,Haryana,Sector- 16A,so2 µg/m³,28.4088421,77.3099081
5551,15108,Punjab,Golden Temple,so2 µg/m³,31.62,74.876512
5655,15110,Tamil Nadu,Velachery Res. Area,co µg/m³,13.0052189,80.2398125
5655,15117,Tamil Nadu,Velachery Res. Area,no2 µg/m³,13.0052189,80.2398125
5630,15119,Delhi (NCT),Shadipur,co µg/m³,28.6514781,77.1473105
5649,15120,Andhra Pradesh,Tirumala,no2 µg/m³,13.67,79.35
5611,15121,Maharashtra,Chandrapur,no2 µg/m³,19.645324,77.6345232
5635,15122,Rajasthan,Adarsh Nagar,no2 µg/m³,26.902909,75.836858
5542,15124,Punjab,Civil Line,co µg/m³,31.321907,75.578914
5611,15125,Maharashtra,Chandrapur,co µg/m³,19.645324,77.6345232
5657,15129,Uttar Pradesh,Central School,co µg/m³,26.8821003,80.9302753
5657,15130,Uttar Pradesh,Central School,no2 µg/m³,26.8821003,80.9302753
5576,15131,Rajasthan,Moti Doongri,pm25 µg/m³,27.554793,76.611536
5542,15133,Punjab,Civil Line,no2 µg/m³,31.321907,75.578914
5612,15134,Rajasthan,Shastri Nagar,so2 µg/m³,26.9502929,75.730943
5655,15136,Tamil Nadu,Velachery Res. Area,pm25 µg/m³,13.0052189,80.2398125
5655,15138,Tamil Nadu,Velachery Res. Area,so2 µg/m³,13.0052189,80.2398125
5659,15142,Uttar Pradesh,Lalbagh,so2 µg/m³,26.8458805,80.9365541
5659,15143,Uttar Pradesh,Lalbagh,pm25 µg/m³,26.8458805,80.9365541
5576,15144,Rajasthan,Moti Doongri,pm10 µg/m³,27.554793,76.611536
5659,15149,Uttar Pradesh,Lalbagh,no2 µg/m³,26.8458805,80.9365541
5659,15151,Uttar Pradesh,Lalbagh,co µg/m³,26.8458805,80.9365541
5661,15152,Maharashtra,Karve Road Pune,so2 µg/m³,18.5011743,73.8165527
5662,15153,Punjab,Nehru Nagar,co µg/m³,26.4703136,80.3229863
5661,15154,Maharashtra,Karve Road Pune,pm25 µg/m³,18.5011743,73.8165527
5662,15155,Punjab,Nehru Nagar,no2 µg/m³,26.4703136,80.3229863
5661,15156,Maharashtra,Karve Road Pune,pm10 µg/m³,18.5011743,73.8165527
5661,15158,Maharashtra,Karve Road Pune,no2 µg/m³,18.5011743,73.8165527
5661,15159,Maharashtra,Karve Road Pune,co µg/m³,18.5011743,73.8165527
5576,15160,Rajasthan,Moti Doongri,no2 µg/m³,27.554793,76.611536
5635,15162,Rajasthan,Adarsh Nagar,pm10 µg/m³,26.902909,75.836858
5623,15167,Telangana,Central University,so2 µg/m³,17.460103,78.334361
5594,15170,Bihar,Muzaffarpur Collectorate,so2 µg/m³,26.1209,85.3647
5576,15171,Rajasthan,Moti Doongri,co µg/m³,27.554793,76.611536
5657,15172,Uttar Pradesh,Central School,pm25 µg/m³,26.8821003,80.9302753
5594,15175,Bihar,Muzaffarpur Collectorate,no2 µg/m³,26.1209,85.3647
5594,15176,Bihar,Muzaffarpur Collectorate,co µg/m³,26.1209,85.3647
5623,15178,Telangana,Central University,pm25 µg/m³,17.460103,78.334361
5657,15181,Uttar Pradesh,Central School,so2 µg/m³,26.8821003,80.9302753
5662,15183,Punjab,Nehru Nagar,pm25 µg/m³,26.4703136,80.3229863
5662,15184,Punjab,Nehru Nagar,so2 µg/m³,26.4703136,80.3229863
5635,15186,Rajasthan,Adarsh Nagar,so2 µg/m³,26.902909,75.836858
5542,15187,Punjab,Civil Line,pm10 µg/m³,31.321907,75.578914
5601,15189,Punjab,Lajpat Nagar,co µg/m³,28.825341,78.7213009
5601,15190,Punjab,Lajpat Nagar,no2 µg/m³,28.825341,78.7213009
5542,15192,Punjab,Civil Line,pm25 µg/m³,31.321907,75.578914
5623,15193,Telangana,Central University,co µg/m³,17.460103,78.334361
5635,15195,Rajasthan,Adarsh Nagar,pm25 µg/m³,26.902909,75.836858
5649,15199,Andhra Pradesh,Tirumala,pm10 µg/m³,13.67,79.35
5601,15202,Punjab,Lajpat Nagar,pm10 µg/m³,28.825341,78.7213009
5601,15207,Punjab,Lajpat Nagar,pm25 µg/m³,28.825341,78.7213009
5587,15211,Rajasthan,Collectorate,co µg/m³,26.268249,73.0193853
5587,15212,Rajasthan,Collectorate,no2 µg/m³,26.268249,73.0193853
5624,15213,Telangana,IDA Pashamylaram,pm25 µg/m³,17.5316895,78.218939
5599,15217,Telangana,Bollaram Industrial Area,pm25 µg/m³,17.540891,78.358528
5599,15221,Telangana,Bollaram Industrial Area,so2 µg/m³,17.540891,78.358528
5649,15223,Andhra Pradesh,Tirumala,so2 µg/m³,13.67,79.35
5587,15225,Rajasthan,Collectorate,pm10 µg/m³,26.268249,73.0193853
5624,15226,Telangana,IDA Pashamylaram,no2 µg/m³,17.5316895,78.218939
5587,15227,Rajasthan,Collectorate,pm25 µg/m³,26.268249,73.0193853
5624,15228,Telangana,IDA Pashamylaram,co µg/m³,17.5316895,78.218939
5624,15230,Telangana,IDA Pashamylaram,pm10 µg/m³,17.5316895,78.218939
5665,15234,Punjab,Vasundhara,co µg/m³,28.6603346,77.3572563
5665,15236,Punjab,Vasundhara,no2 µg/m³,28.6603346,77.3572563
5665,15238,Punjab,Vasundhara,pm10 µg/m³,28.6603346,77.3572563
5665,15239,Punjab,Vasundhara,pm25 µg/m³,28.6603346,77.3572563
5665,15240,Punjab,Vasundhara,so2 µg/m³,28.6603346,77.3572563
5667,15241,Madhya Pradesh,Bhopal Chauraha,so2 µg/m³,22.9682591,76.064118
5544,15243,Punjab,Model Town,pm25 µg/m³,30.349388,76.366642
5667,15244,Madhya Pradesh,Bhopal Chauraha,pm25 µg/m³,22.9682591,76.064118
5621,15245,Maharashtra,Opp GPO Civil Lines,so2 µg/m³,21.152875,79.0517531
5667,15249,Madhya Pradesh,Bhopal Chauraha,pm10 µg/m³,22.9682591,76.064118
5649,15251,Andhra Pradesh,Tirumala,pm25 µg/m³,13.67,79.35
5667,15253,Madhya Pradesh,Bhopal Chauraha,no2 µg/m³,22.9682591,76.064118
5667,15256,Madhya Pradesh,Bhopal Chauraha,co µg/m³,22.9682591,76.064118
5621,15258,Maharashtra,Opp GPO Civil Lines,pm25 µg/m³,21.152875,79.0517531
5621,15259,Maharashtra,Opp GPO Civil Lines,pm10 µg/m³,21.152875,79.0517531
5544,15260,Punjab,Model Town,pm10 µg/m³,30.349388,76.366642
5608,15269,Odisha,GM Office,so2 µg/m³,21.8004996,83.8396977
5607,15270,Karnataka,Peenya,co µg/m³,13.0270199,77.494094
6310,17540,West Bengal,Rabindra Bharati University,pm10 µg/m³,22.5824635,88.35724470000001
6310,17541,West Bengal,Rabindra Bharati University,co µg/m³,22.5824635,88.35724470000001
6310,17542,West Bengal,Rabindra Bharati University,so2 µg/m³,22.5824635,88.35724470000001
6310,17543,West Bengal,Rabindra Bharati University,no2 µg/m³,22.5824635,88.35724470000001
5626,17766,Delhi (NCT),DTU,so2 µg/m³,28.7500499,77.1112615
6357,17768,Delhi (NCT),Punjabi Bagh,pm10 µg/m³,28.674045000000003,77.13102300000001
6357,17769,Delhi (NCT),Punjabi Bagh,co µg/m³,28.674045000000003,77.13102300000001
6358,17770,Delhi (NCT),Mandir Marg,pm25 µg/m³,28.636429,77.201067
6357,17771,Delhi (NCT),Punjabi Bagh,no2 µg/m³,28.674045000000003,77.13102300000001
6358,17772,Delhi (NCT),Mandir Marg,co µg/m³,28.636429,77.201067
6358,17773,Delhi (NCT),Mandir Marg,no2 µg/m³,28.636429,77.201067
6358,17775,Delhi (NCT),Mandir Marg,pm10 µg/m³,28.636429,77.201067
6357,17776,Delhi (NCT),Punjabi Bagh,pm25 µg/m³,28.674045000000003,77.13102300000001
6357,17778,Delhi (NCT),Punjabi Bagh,so2 µg/m³,28.674045000000003,77.13102300000001
6358,17779,Delhi (NCT),Mandir Marg,so2 µg/m³,28.636429,77.201067
6359,17780,Delhi (NCT),IHBAS,so2 µg/m³,28.6811736,77.3025234
6359,17790,Delhi (NCT),IHBAS,pm25 µg/m³,28.6811736,77.3025234
6359,17791,Delhi (NCT),IHBAS,no2 µg/m³,28.6811736,77.3025234
6359,17792,Delhi (NCT),IHBAS,co µg/m³,28.6811736,77.3025234
5617,17865,Haryana,Sector- 16A,co µg/m³,28.4088421,77.3099081
6442,18099,Punjab,Ratanpura,no2 µg/m³,31.0325454,76.5623046
6442,18100,Punjab,Ratanpura,co µg/m³,31.0325454,76.5623046
6442,18101,Punjab,Ratanpura,pm25 µg/m³,31.0325454,76.5623046
6442,18102,Punjab,Ratanpura,so2 µg/m³,31.0325454,76.5623046
6443,18103,Madhya Pradesh,Bandhavgar Colony,so2 µg/m³,24.58434363,80.8549414
6442,18104,Punjab,Ratanpura,pm10 µg/m³,31.0325454,76.5623046
6443,18105,Madhya Pradesh,Bandhavgar Colony,pm25 µg/m³,24.58434363,80.8549414
6443,18106,Madhya Pradesh,Bandhavgar Colony,pm10 µg/m³,24.58434363,80.8549414
6443,18107,Madhya Pradesh,Bandhavgar Colony,co µg/m³,24.58434363,80.8549414
6923,19877,Himachal Pradesh,New Mandi,pm10 µg/m³,29.4723508,77.7194031
6923,19878,Himachal Pradesh,New Mandi,co µg/m³,29.4723508,77.7194031
6923,19880,Himachal Pradesh,New Mandi,no2 µg/m³,29.4723508,77.7194031
6923,19881,Himachal Pradesh,New Mandi,pm25 µg/m³,29.4723508,77.7194031
6923,19882,Himachal Pradesh,New Mandi,so2 µg/m³,29.4723508,77.7194031
6924,19884,Punjab,Indirapuram,pm25 µg/m³,28.646233,77.358075
6924,19885,Punjab,Indirapuram,no2 µg/m³,28.646233,77.358075
6924,19886,Punjab,Indirapuram,pm10 µg/m³,28.646233,77.358075
6924,19887,Punjab,Indirapuram,so2 µg/m³,28.646233,77.358075
6924,19888,Punjab,Indirapuram,co µg/m³,28.646233,77.358075
6927,19892,Maharashtra,Colaba,no2 µg/m³,18.91,72.82
6928,19893,Maharashtra,Vasai West,no2 µg/m³,19.3832,72.8204
6928,19894,Maharashtra,Vasai West,pm25 µg/m³,19.3832,72.8204
6928,19896,Maharashtra,Vasai West,co µg/m³,19.3832,72.8204
6928,19897,Maharashtra,Vasai West,so2 µg/m³,19.3832,72.8204
6928,19898,Maharashtra,Vasai West,pm10 µg/m³,19.3832,72.8204
6929,19899,Delhi (NCT),Major Dhyan Chand National Stadium,so2 µg/m³,28.611281,77.237738
6929,19900,Delhi (NCT),Major Dhyan Chand National Stadium,pm25 µg/m³,28.611281,77.237738
6929,19901,Delhi (NCT),Major Dhyan Chand National Stadium,co µg/m³,28.611281,77.237738
6929,19902,Delhi (NCT),Major Dhyan Chand National Stadium,no2 µg/m³,28.611281,77.237738
6929,19904,Delhi (NCT),Major Dhyan Chand National Stadium,pm10 µg/m³,28.611281,77.237738
6930,19905,Haryana,Gobind Pura,so2 µg/m³,30.1480566,77.2893471
6931,19906,Delhi (NCT),Dwarka-Sector 8,pm10 µg/m³,28.5710274,77.0719006
6930,19907,Haryana,Gobind Pura,pm25 µg/m³,30.1480566,77.2893471
6930,19909,Haryana,Gobind Pura,no2 µg/m³,30.1480566,77.2893471
6930,19910,Haryana,Gobind Pura,pm10 µg/m³,30.1480566,77.2893471
6930,19911,Haryana,Gobind Pura,co µg/m³,30.1480566,77.2893471
6932,19912,Delhi (NCT),Alipur,so2 µg/m³,28.815329,77.15301
6933,19913,Madhya Pradesh,Shasthri Nagar,so2 µg/m³,23.331731,75.045981
6933,19914,Madhya Pradesh,Shasthri Nagar,no2 µg/m³,23.331731,75.045981
6933,19915,Madhya Pradesh,Shasthri Nagar,pm10 µg/m³,23.331731,75.045981
6933,19916,Madhya Pradesh,Shasthri Nagar,pm25 µg/m³,23.331731,75.045981
6935,19918,Haryana,Urban Estate-II,co µg/m³,29.14056,75.744941
6934,19919,Delhi (NCT),Dr. Karni Singh Shooting Range,pm25 µg/m³,28.498571,77.26484
6936,19920,Haryana,Arya Nagar,so2 µg/m³,28.6701,76.9254
6935,19921,Haryana,Urban Estate-II,no2 µg/m³,29.14056,75.744941
6936,19922,Haryana,Arya Nagar,pm25 µg/m³,28.6701,76.9254
6937,19924,Gujarat,Sector-10,no2 µg/m³,23.221714,72.654328
6934,19925,Delhi (NCT),Dr. Karni Singh Shooting Range,co µg/m³,28.498571,77.26484
6938,19926,Delhi (NCT),Vivek Vihar,co µg/m³,28.672342,77.31526
6937,19927,Gujarat,Sector-10,co µg/m³,23.221714,72.654328
6936,19928,Haryana,Arya Nagar,pm10 µg/m³,28.6701,76.9254
6938,19929,Delhi (NCT),Vivek Vihar,no2 µg/m³,28.672342,77.31526
6934,19930,Delhi (NCT),Dr. Karni Singh Shooting Range,no2 µg/m³,28.498571,77.26484
6938,19933,Delhi (NCT),Vivek Vihar,pm10 µg/m³,28.672342,77.31526
6938,19934,Delhi (NCT),Vivek Vihar,pm25 µg/m³,28.672342,77.31526
6932,19935,Delhi (NCT),Alipur,pm25 µg/m³,28.815329,77.15301
6932,19936,Delhi (NCT),Alipur,pm10 µg/m³,28.815329,77.15301
6938,19938,Delhi (NCT),Vivek Vihar,so2 µg/m³,28.672342,77.31526
6932,19939,Delhi (NCT),Alipur,co µg/m³,28.815329,77.15301
6936,19940,Haryana,Arya Nagar,co µg/m³,28.6701,76.9254
6934,19941,Delhi (NCT),Dr. Karni Singh Shooting Range,pm10 µg/m³,28.498571,77.26484
6937,19942,Gujarat,Sector-10,so2 µg/m³,23.221714,72.654328
6934,19943,Delhi (NCT),Dr. Karni Singh Shooting Range,so2 µg/m³,28.498571,77.26484
6935,19944,Haryana,Urban Estate-II,so2 µg/m³,29.14056,75.744941
6936,19945,Haryana,Arya Nagar,no2 µg/m³,28.6701,76.9254
6935,19946,Haryana,Urban Estate-II,pm25 µg/m³,29.14056,75.744941
6935,19947,Haryana,Urban Estate-II,pm10 µg/m³,29.14056,75.744941
6932,19948,Delhi (NCT),Alipur,no2 µg/m³,28.815329,77.15301
6937,19949,Gujarat,Sector-10,pm25 µg/m³,23.221714,72.654328
6937,19951,Gujarat,Sector-10,pm10 µg/m³,23.221714,72.654328
6939,19952,Punjab,Hardev Nagar,pm10 µg/m³,30.233011,74.907758
6931,19956,Delhi (NCT),Dwarka-Sector 8,no2 µg/m³,28.5710274,77.0719006
6931,19957,Delhi (NCT),Dwarka-Sector 8,co µg/m³,28.5710274,77.0719006
6940,19958,Punjab,Kalal Majra,so2 µg/m³,30.736056,76.209694
6942,19959,Gujarat,Phase-4 GIDC,pm10 µg/m³,22.969611,72.6435
6940,19963,Punjab,Kalal Majra,pm10 µg/m³,30.736056,76.209694
6940,19965,Punjab,Kalal Majra,pm25 µg/m³,30.736056,76.209694
6944,19966,Haryana,H.B. Colony,co µg/m³,28.806223,76.141105
6944,19967,Haryana,H.B. Colony,no2 µg/m³,28.806223,76.141105
6944,19970,Haryana,H.B. Colony,pm10 µg/m³,28.806223,76.141105
6946,19971,West Bengal,Belur Math,co µg/m³,22.629801,88.352017
6944,19972,Haryana,H.B. Colony,pm25 µg/m³,28.806223,76.141105
6947,19973,Haryana,General Hospital,pm10 µg/m³,27.9002,76.9938
6944,19974,Haryana,H.B. Colony,so2 µg/m³,28.806223,76.141105
6945,19975,Maharashtra,Kurla,pm10 µg/m³,19.0863,72.8888
6948,19976,Maharashtra,Chhatrapati Shivaji Intl. Airport (T2),co µg/m³,19.10078,72.87462
6948,19977,Maharashtra,Chhatrapati Shivaji Intl. Airport (T2),no2 µg/m³,19.10078,72.87462
6945,19978,Maharashtra,Kurla,pm25 µg/m³,19.0863,72.8888
6948,19980,Maharashtra,Chhatrapati Shivaji Intl. Airport (T2),pm10 µg/m³,19.10078,72.87462
6948,19981,Maharashtra,Chhatrapati Shivaji Intl. Airport (T2),pm25 µg/m³,19.10078,72.87462
6948,19982,Maharashtra,Chhatrapati Shivaji Intl. Airport (T2),so2 µg/m³,19.10078,72.87462
6947,19983,Haryana,General Hospital,pm25 µg/m³,27.9002,76.9938
6947,19984,Haryana,General Hospital,no2 µg/m³,27.9002,76.9938
6949,19985,Haryana,Municipal Corporation Office,pm25 µg/m³,28.2068,76.7997
6950,19986,West Bengal,Jadavpur,co µg/m³,22.49929,88.36917
6945,19987,Maharashtra,Kurla,so2 µg/m³,19.0863,72.8888
6950,19988,West Bengal,Jadavpur,no2 µg/m³,22.49929,88.36917
6947,19990,Haryana,General Hospital,co µg/m³,27.9002,76.9938
6952,19992,Haryana,F-Block,so2 µg/m³,29.5364,75.0158
6945,19993,Maharashtra,Kurla,co µg/m³,19.0863,72.8888
6950,19994,West Bengal,Jadavpur,pm10 µg/m³,22.49929,88.36917
6952,19995,Haryana,F-Block,pm25 µg/m³,29.5364,75.0158
6952,19996,Haryana,F-Block,pm10 µg/m³,29.5364,75.0158
6950,19997,West Bengal,Jadavpur,pm25 µg/m³,22.49929,88.36917
6947,19999,Haryana,General Hospital,so2 µg/m³,27.9002,76.9938
6952,20000,Haryana,F-Block,no2 µg/m³,29.5364,75.0158
6952,20001,Haryana,F-Block,co µg/m³,29.5364,75.0158
6950,20002,West Bengal,Jadavpur,so2 µg/m³,22.49929,88.36917
6953,20003,Haryana,Sector-2 IMT,so2 µg/m³,28.360699,76.93609
6946,20004,West Bengal,Belur Math,no2 µg/m³,22.629801,88.352017
6954,20005,Karnataka,Chikkaballapur Rural,co µg/m³,13.428828,77.731418
6953,20006,Haryana,Sector-2 IMT,pm25 µg/m³,28.360699,76.93609
6953,20009,Haryana,Sector-2 IMT,pm10 µg/m³,28.360699,76.93609
6956,20010,Maharashtra,Powai,pm10 µg/m³,19.1375,72.915056
6953,20012,Haryana,Sector-2 IMT,no2 µg/m³,28.360699,76.93609
6953,20014,Haryana,Sector-2 IMT,co µg/m³,28.360699,76.93609
6957,20015,Delhi (NCT),Jawaharlal Nehru Stadium,co µg/m³,28.58028,77.233829
6957,20017,Delhi (NCT),Jawaharlal Nehru Stadium,no2 µg/m³,28.58028,77.233829
6957,20019,Delhi (NCT),Jawaharlal Nehru Stadium,pm10 µg/m³,28.58028,77.233829
6957,20020,Delhi (NCT),Jawaharlal Nehru Stadium,pm25 µg/m³,28.58028,77.233829
6957,20021,Delhi (NCT),Jawaharlal Nehru Stadium,so2 µg/m³,28.58028,77.233829
6958,20022,Haryana,Sector-18,so2 µg/m³,29.435587,76.975531
6943,20023,Maharashtra,Mahape,so2 µg/m³,19.1135051,73.008978
6958,20024,Haryana,Sector-18,pm25 µg/m³,29.435587,76.975531
6958,20025,Haryana,Sector-18,pm10 µg/m³,29.435587,76.975531
6958,20027,Haryana,Sector-18,no2 µg/m³,29.435587,76.975531
6958,20028,Haryana,Sector-18,co µg/m³,29.435587,76.975531
6959,20029,Maharashtra,Siddharth Nagar-Worli,co µg/m³,19.000083,72.813993
6959,20030,Maharashtra,Siddharth Nagar-Worli,no2 µg/m³,19.000083,72.813993
6959,20032,Maharashtra,Siddharth Nagar-Worli,pm10 µg/m³,19.000083,72.813993
6959,20033,Maharashtra,Siddharth Nagar-Worli,pm25 µg/m³,19.000083,72.813993
6959,20034,Maharashtra,Siddharth Nagar-Worli,so2 µg/m³,19.000083,72.813993
6946,20036,West Bengal,Belur Math,pm10 µg/m³,22.629801,88.352017
6960,20037,Delhi (NCT),Patparganj,no2 µg/m³,28.623748,77.287205
6946,20038,West Bengal,Belur Math,pm25 µg/m³,22.629801,88.352017
6960,20040,Delhi (NCT),Patparganj,pm10 µg/m³,28.623748,77.287205
6961,20041,Madhya Pradesh,Shrivastav Colony,pm25 µg/m³,23.81748678,79.446246
6961,20042,Madhya Pradesh,Shrivastav Colony,pm10 µg/m³,23.81748678,79.446246
6961,20043,Madhya Pradesh,Shrivastav Colony,co µg/m³,23.81748678,79.446246
6949,20045,Haryana,Municipal Corporation Office,no2 µg/m³,28.2068,76.7997
6943,20046,Maharashtra,Mahape,pm25 µg/m³,19.1135051,73.008978
6939,20048,Punjab,Hardev Nagar,co µg/m³,30.233011,74.907758
6960,20049,Delhi (NCT),Patparganj,pm25 µg/m³,28.623748,77.287205
6939,20050,Punjab,Hardev Nagar,no2 µg/m³,30.233011,74.907758
6939,20051,Punjab,Hardev Nagar,pm25 µg/m³,30.233011,74.907758
6939,20052,Punjab,Hardev Nagar,so2 µg/m³,30.233011,74.907758
6960,20055,Delhi (NCT),Patparganj,so2 µg/m³,28.623748,77.287205
6963,20057,Haryana,Police Lines,so2 µg/m³,29.307814,76.337619
6964,20058,Haryana,Patti Mehar,co µg/m³,30.379589,76.778328
6964,20059,Haryana,Patti Mehar,no2 µg/m³,30.379589,76.778328
6949,20060,Haryana,Municipal Corporation Office,pm10 µg/m³,28.2068,76.7997
6964,20062,Haryana,Patti Mehar,pm10 µg/m³,30.379589,76.778328
6964,20063,Haryana,Patti Mehar,pm25 µg/m³,30.379589,76.778328
6963,20064,Haryana,Police Lines,pm25 µg/m³,29.307814,76.337619
6964,20065,Haryana,Patti Mehar,so2 µg/m³,30.379589,76.778328
6943,20068,Maharashtra,Mahape,pm10 µg/m³,19.1135051,73.008978
6943,20069,Maharashtra,Mahape,no2 µg/m³,19.1135051,73.008978
6963,20071,Haryana,Police Lines,pm10 µg/m³,29.307814,76.337619
6965,20075,Maharashtra,Borivali East,co µg/m³,19.227474,72.864394
6945,20076,Maharashtra,Kurla,no2 µg/m³,19.0863,72.8888
6963,20077,Haryana,Police Lines,no2 µg/m³,29.307814,76.337619
6949,20078,Haryana,Municipal Corporation Office,so2 µg/m³,28.2068,76.7997
6956,20079,Maharashtra,Powai,pm25 µg/m³,19.1375,72.915056
6963,20080,Haryana,Police Lines,co µg/m³,29.307814,76.337619
6965,20081,Maharashtra,Borivali East,no2 µg/m³,19.227474,72.864394
6956,20083,Maharashtra,Powai,no2 µg/m³,19.1375,72.915056
6965,20085,Maharashtra,Borivali East,pm10 µg/m³,19.227474,72.864394
6966,20086,Kerala,Udyogamandal,co µg/m³,10.073232,76.302765
6965,20087,Maharashtra,Borivali East,pm25 µg/m³,19.227474,72.864394
6966,20088,Kerala,Udyogamandal,no2 µg/m³,10.073232,76.302765
6965,20090,Maharashtra,Borivali East,so2 µg/m³,19.227474,72.864394
6966,20091,Kerala,Udyogamandal,pm10 µg/m³,10.073232,76.302765
6966,20092,Kerala,Udyogamandal,pm25 µg/m³,10.073232,76.302765
6966,20093,Kerala,Udyogamandal,so2 µg/m³,10.073232,76.302765
6967,20095,Maharashtra,Sion,so2 µg/m³,19.047,72.8746
6967,20096,Maharashtra,Sion,pm25 µg/m³,19.047,72.8746
6967,20097,Maharashtra,Sion,pm10 µg/m³,19.047,72.8746
6968,20099,Gujarat,Phase-1 GIDC,co µg/m³,20.362421,72.918013
6949,20100,Haryana,Municipal Corporation Office,co µg/m³,28.2068,76.7997
6956,20101,Maharashtra,Powai,so2 µg/m³,19.1375,72.915056
6969,20102,Haryana,Huda Sector,co µg/m³,29.503664,75.467934
6969,20103,Haryana,Huda Sector,no2 µg/m³,29.503664,75.467934
6969,20105,Haryana,Huda Sector,pm10 µg/m³,29.503664,75.467934
6969,20106,Haryana,Huda Sector,pm25 µg/m³,29.503664,75.467934
6967,20107,Maharashtra,Sion,no2 µg/m³,19.047,72.8746
6969,20108,Haryana,Huda Sector,so2 µg/m³,29.503664,75.467934
6967,20109,Maharashtra,Sion,co µg/m³,19.047,72.8746
6970,20110,Haryana,Shastri Nagar,pm25 µg/m³,28.060249,76.113115
6970,20115,Haryana,Shastri Nagar,pm10 µg/m³,28.060249,76.113115
6972,20118,Haryana,Nathu Colony,so2 µg/m³,28.3419248,77.319699
6946,20121,West Bengal,Belur Math,so2 µg/m³,22.629801,88.352017
6968,20122,Gujarat,Phase-1 GIDC,no2 µg/m³,20.362421,72.918013
6972,20123,Haryana,Nathu Colony,pm25 µg/m³,28.3419248,77.319699
6940,20124,Punjab,Kalal Majra,co µg/m³,30.736056,76.209694
6956,20125,Maharashtra,Powai,co µg/m³,19.1375,72.915056
6972,20126,Haryana,Nathu Colony,pm10 µg/m³,28.3419248,77.319699
6943,20128,Maharashtra,Mahape,co µg/m³,19.1135051,73.008978
6968,20130,Gujarat,Phase-1 GIDC,pm10 µg/m³,20.362421,72.918013
6970,20131,Haryana,Shastri Nagar,no2 µg/m³,28.060249,76.113115
6940,20132,Punjab,Kalal Majra,no2 µg/m³,30.736056,76.209694
6968,20133,Gujarat,Phase-1 GIDC,pm25 µg/m³,20.362421,72.918013
6968,20134,Gujarat,Phase-1 GIDC,so2 µg/m³,20.362421,72.918013
6970,20135,Haryana,Shastri Nagar,co µg/m³,28.060249,76.113115
6942,20136,Gujarat,Phase-4 GIDC,co µg/m³,22.969611,72.6435
6927,20137,Maharashtra,Colaba,co µg/m³,18.91,72.82
6942,20138,Gujarat,Phase-4 GIDC,so2 µg/m³,22.969611,72.6435
6942,20140,Gujarat,Phase-4 GIDC,no2 µg/m³,22.969611,72.6435
6942,20141,Gujarat,Phase-4 GIDC,pm25 µg/m³,22.969611,72.6435
6927,20142,Maharashtra,Colaba,pm10 µg/m³,18.91,72.82
6927,20143,Maharashtra,Colaba,pm25 µg/m³,18.91,72.82
6927,20144,Maharashtra,Colaba,so2 µg/m³,18.91,72.82
6972,20145,Haryana,Nathu Colony,no2 µg/m³,28.3419248,77.319699
6931,20147,Delhi (NCT),Dwarka-Sector 8,so2 µg/m³,28.5710274,77.0719006
6972,20148,Haryana,Nathu Colony,co µg/m³,28.3419248,77.319699
6931,20150,Delhi (NCT),Dwarka-Sector 8,pm25 µg/m³,28.5710274,77.0719006
6973,20152,Karnataka,Jayanagar 5th Block,so2 µg/m³,12.920984,77.584908
6974,20153,Karnataka,Bapuji Nagar,co µg/m³,12.951913,77.539784
6975,20154,Karnataka,Silk Board,no2 µg/m³,12.917348,77.622813
6975,20156,Karnataka,Silk Board,pm25 µg/m³,12.917348,77.622813
6976,20157,Punjab,Jai Bhim Nagar,co µg/m³,28.9535882,77.7622941
6976,20159,Punjab,Jai Bhim Nagar,so2 µg/m³,28.9535882,77.7622941
6975,20161,Karnataka,Silk Board,pm10 µg/m³,12.917348,77.622813
6973,20162,Karnataka,Jayanagar 5th Block,pm25 µg/m³,12.920984,77.584908
6974,20164,Karnataka,Bapuji Nagar,so2 µg/m³,12.951913,77.539784
6974,20165,Karnataka,Bapuji Nagar,pm25 µg/m³,12.951913,77.539784
6974,20166,Karnataka,Bapuji Nagar,pm10 µg/m³,12.951913,77.539784
6974,20169,Karnataka,Bapuji Nagar,no2 µg/m³,12.951913,77.539784
6975,20171,Karnataka,Silk Board,co µg/m³,12.917348,77.622813
6973,20172,Karnataka,Jayanagar 5th Block,pm10 µg/m³,12.920984,77.584908
6973,20173,Karnataka,Jayanagar 5th Block,co µg/m³,12.920984,77.584908
6973,20175,Karnataka,Jayanagar 5th Block,no2 µg/m³,12.920984,77.584908
6975,20176,Karnataka,Silk Board,so2 µg/m³,12.917348,77.622813
6978,20177,Delhi (NCT),Knowledge Park,no2 µg/m³,28.47272,77.482
6978,20181,Delhi (NCT),Knowledge Park,co µg/m³,28.47272,77.482
6979,20183,Punjab,New Collectorate,no2 µg/m³,28.974801000000003,77.21335699999999
6979,20184,Punjab,New Collectorate,pm10 µg/m³,28.974801000000003,77.21335699999999
6980,20186,Delhi (NCT),Sector-1,co µg/m³,28.589247,77.321962
6980,20187,Delhi (NCT),Sector-1,no2 µg/m³,28.589247,77.321962
6979,20188,Punjab,New Collectorate,pm25 µg/m³,28.974801000000003,77.21335699999999
6981,20190,West Bengal,Fort William,so2 µg/m³,22.55664,88.342674
6978,20191,Delhi (NCT),Knowledge Park,pm10 µg/m³,28.47272,77.482
6979,20193,Punjab,New Collectorate,co µg/m³,28.974801000000003,77.21335699999999
6980,20194,Delhi (NCT),Sector-1,pm10 µg/m³,28.589247,77.321962
6983,20195,Karnataka,Hombegowda Nagar,co µg/m³,12.938539,77.5901
6983,20196,Karnataka,Hombegowda Nagar,no2 µg/m³,12.938539,77.5901
6983,20198,Karnataka,Hombegowda Nagar,pm10 µg/m³,12.938539,77.5901
6983,20199,Karnataka,Hombegowda Nagar,pm25 µg/m³,12.938539,77.5901
6983,20200,Karnataka,Hombegowda Nagar,so2 µg/m³,12.938539,77.5901
6979,20202,Punjab,New Collectorate,so2 µg/m³,28.974801000000003,77.21335699999999
6981,20203,West Bengal,Fort William,pm25 µg/m³,22.55664,88.342674
6976,20204,Punjab,Jai Bhim Nagar,no2 µg/m³,28.9535882,77.7622941
6980,20206,Delhi (NCT),Sector-1,pm25 µg/m³,28.589247,77.321962
6980,20207,Delhi (NCT),Sector-1,so2 µg/m³,28.589247,77.321962
6978,20209,Delhi (NCT),Knowledge Park,pm25 µg/m³,28.47272,77.482
6984,20210,Karnataka,Hebbal,so2 µg/m³,13.029152,77.585901
6981,20211,West Bengal,Fort William,pm10 µg/m³,22.55664,88.342674
6984,20212,Karnataka,Hebbal,pm25 µg/m³,13.029152,77.585901
6984,20213,Karnataka,Hebbal,pm10 µg/m³,13.029152,77.585901
6985,20215,Punjab,Yamunapuram,so2 µg/m³,28.406963,77.849831
6985,20216,Punjab,Yamunapuram,pm25 µg/m³,28.406963,77.849831
6985,20217,Punjab,Yamunapuram,pm10 µg/m³,28.406963,77.849831
6985,20219,Punjab,Yamunapuram,no2 µg/m³,28.406963,77.849831
6985,20220,Punjab,Yamunapuram,co µg/m³,28.406963,77.849831
6984,20222,Karnataka,Hebbal,no2 µg/m³,13.029152,77.585901
6984,20224,Karnataka,Hebbal,co µg/m³,13.029152,77.585901
6981,20226,West Bengal,Fort William,no2 µg/m³,22.55664,88.342674
6978,20227,Delhi (NCT),Knowledge Park,so2 µg/m³,28.47272,77.482
6981,20228,West Bengal,Fort William,co µg/m³,22.55664,88.342674
6986,20230,Delhi (NCT),Knowledge Park,co µg/m³,28.557054,77.453663
6986,20232,Delhi (NCT),Knowledge Park,no2 µg/m³,28.557054,77.453663
6954,20233,Karnataka,Chikkaballapur Rural,no2 µg/m³,13.428828,77.731418
6987,20236,Maharashtra,Vile Parle West,co µg/m³,19.10861,72.83622
6976,20238,Punjab,Jai Bhim Nagar,pm10 µg/m³,28.9535882,77.7622941
6987,20239,Maharashtra,Vile Parle West,no2 µg/m³,19.10861,72.83622
6986,20241,Delhi (NCT),Knowledge Park,pm10 µg/m³,28.557054,77.453663
6986,20242,Delhi (NCT),Knowledge Park,pm25 µg/m³,28.557054,77.453663
6987,20243,Maharashtra,Vile Parle West,pm10 µg/m³,19.10861,72.83622
6986,20244,Delhi (NCT),Knowledge Park,so2 µg/m³,28.557054,77.453663
6987,20251,Maharashtra,Vile Parle West,pm25 µg/m³,19.10861,72.83622
6954,20252,Karnataka,Chikkaballapur Rural,pm10 µg/m³,13.428828,77.731418
6954,20253,Karnataka,Chikkaballapur Rural,pm25 µg/m³,13.428828,77.731418
6987,20254,Maharashtra,Vile Parle West,so2 µg/m³,19.10861,72.83622
6954,20256,Karnataka,Chikkaballapur Rural,so2 µg/m³,13.428828,77.731418
6976,20257,Punjab,Jai Bhim Nagar,pm25 µg/m³,28.9535882,77.7622941
7005,20290,Punjab,Loni,pm25 µg/m³,28.757294,77.278792
7005,20291,Punjab,Loni,so2 µg/m³,28.757294,77.278792
7005,20293,Punjab,Loni,pm10 µg/m³,28.757294,77.278792
7005,20294,Punjab,Loni,no2 µg/m³,28.757294,77.278792
7005,20295,Punjab,Loni,co µg/m³,28.757294,77.278792
7044,20407,Delhi (NCT),R K Puram,pm10 µg/m³,28.563262000000005,77.186937
7044,20408,Delhi (NCT),R K Puram,so2 µg/m³,28.563262000000005,77.186937
7044,20409,Delhi (NCT),R K Puram,no2 µg/m³,28.563262000000005,77.186937
7044,20410,Delhi (NCT),R K Puram,co µg/m³,28.563262000000005,77.186937
7044,20411,Delhi (NCT),R K Puram,pm25 µg/m³,28.563262000000005,77.186937
7140,20574,Punjab,Gomti Nagar,co µg/m³,26.86812,81.005119
7281,20951,Haryana,Shyam Nagar,no2 µg/m³,28.1485564,77.3320667
7281,20953,Haryana,Shyam Nagar,co µg/m³,28.1485564,77.3320667
7282,20954,Haryana,Sector-7,co µg/m³,29.966942,76.875879
7282,20956,Haryana,Sector-7,no2 µg/m³,29.966942,76.875879
7281,20957,Haryana,Shyam Nagar,pm10 µg/m³,28.1485564,77.3320667
7281,20958,Haryana,Shyam Nagar,so2 µg/m³,28.1485564,77.3320667
7282,20959,Haryana,Sector-7,so2 µg/m³,29.966942,76.875879
7282,20960,Haryana,Sector-7,pm10 µg/m³,29.966942,76.875879
7282,20961,Haryana,Sector-7,pm25 µg/m³,29.966942,76.875879
7281,20962,Haryana,Shyam Nagar,pm25 µg/m³,28.1485564,77.3320667
6970,20963,Haryana,Shastri Nagar,so2 µg/m³,28.060249,76.113115
7283,20965,Haryana,MD University,pm25 µg/m³,28.87793,76.620825
7283,20966,Haryana,MD University,so2 µg/m³,28.87793,76.620825
7283,20967,Haryana,MD University,no2 µg/m³,28.87793,76.620825
7283,20968,Haryana,MD University,co µg/m³,28.87793,76.620825
7494,21728,Bihar,SFTI Kusdihra,so2 µg/m³,24.762518,84.982348
7495,21729,Bihar,DRM Office Danapur,co µg/m³,25.586562,85.043586
7495,21730,Bihar,DRM Office Danapur,no2 µg/m³,25.586562,85.043586
7495,21732,Bihar,DRM Office Danapur,pm10 µg/m³,25.586562,85.043586
7495,21733,Bihar,DRM Office Danapur,pm25 µg/m³,25.586562,85.043586
7495,21734,Bihar,DRM Office Danapur,so2 µg/m³,25.586562,85.043586
7494,21735,Bihar,SFTI Kusdihra,pm25 µg/m³,24.762518,84.982348
7494,21736,Bihar,SFTI Kusdihra,pm10 µg/m³,24.762518,84.982348
7494,21738,Bihar,SFTI Kusdihra,no2 µg/m³,24.762518,84.982348
7494,21739,Bihar,SFTI Kusdihra,co µg/m³,24.762518,84.982348
7720,22459,Punjab,Pallavpuram Phase 2,so2 µg/m³,29.06351,77.709723
7752,22572,Maharashtra,Khadakpada,so2 µg/m³,19.25292,73.142019
7777,22607,Karnataka,Lal Bahadur Shastri Nagar,so2 µg/m³,17.321993,76.822628
5546,22695,Jharkhand,Tata Stadium,pm25 µg/m³,23.707909,86.41467
7833,22716,Punjab,Ganga Nagar,co µg/m³,28.999264,77.7590354
7850,22798,Maharashtra,Bandra,pm10 µg/m³,19.0627,72.84614
7880,22847,Mizoram,Sikulpuikawn,so2 µg/m³,23.7176342,92.7192841
7880,22848,Mizoram,Sikulpuikawn,pm25 µg/m³,23.7176342,92.7192841
7880,22849,Mizoram,Sikulpuikawn,pm10 µg/m³,23.7176342,92.7192841
7880,22851,Mizoram,Sikulpuikawn,no2 µg/m³,23.7176342,92.7192841
7880,22852,Mizoram,Sikulpuikawn,co µg/m³,23.7176342,92.7192841
7901,22896,Kerala,Corporation Ground,no2 µg/m³,10.522198,76.24085
7901,22897,Kerala,Corporation Ground,co µg/m³,10.522198,76.24085
7901,22898,Kerala,Corporation Ground,pm25 µg/m³,10.522198,76.24085
7901,22899,Kerala,Corporation Ground,pm10 µg/m³,10.522198,76.24085
7901,22900,Kerala,Corporation Ground,so2 µg/m³,10.522198,76.24085
7979,23115,Madhya Pradesh,Deen Dayal Nagar,pm10 µg/m³,23.8640158,78.80289321
8035,23299,Karnataka,Ibrahimpur,no2 µg/m³,16.802639,75.722694
8035,23300,Karnataka,Ibrahimpur,pm10 µg/m³,16.802639,75.722694
8035,23301,Karnataka,Ibrahimpur,so2 µg/m³,16.802639,75.722694
8035,23302,Karnataka,Ibrahimpur,co µg/m³,16.802639,75.722694
8035,23304,Karnataka,Ibrahimpur,pm25 µg/m³,16.802639,75.722694
8039,23320,Maharashtra,Mumbai,pm25 µg/m³,19.07283,72.88261
8118,23534,Delhi (NCT),New Delhi,pm25 µg/m³,28.63576,77.22445
8092,23669,Delhi (NCT),East Arjun Nagar,no2 µg/m³,28.655935,77.294904
8153,23737,Karnataka,Urban,pm10 µg/m³,11.55358,76.55521
8153,23738,Karnataka,Urban,co µg/m³,11.55358,76.55521
8153,23740,Karnataka,Urban,no2 µg/m³,11.55358,76.55521
8153,23741,Karnataka,Urban,so2 µg/m³,11.55358,76.55521
8153,23742,Karnataka,Urban,pm25 µg/m³,11.55358,76.55521
8190,23897,Kerala,Kariavattom,pm10 µg/m³,8.5637,76.8865
8190,23899,Kerala,Kariavattom,co µg/m³,8.5637,76.8865
8190,23900,Kerala,Kariavattom,no2 µg/m³,8.5637,76.8865
8190,23901,Kerala,Kariavattom,pm25 µg/m³,8.5637,76.8865
8190,23902,Kerala,Kariavattom,so2 µg/m³,8.5637,76.8865
8235,23993,Delhi (NCT),Jahangirpuri,co µg/m³,28.73282,77.170633
8235,23994,Delhi (NCT),Jahangirpuri,no2 µg/m³,28.73282,77.170633
8235,23996,Delhi (NCT),Jahangirpuri,pm10 µg/m³,28.73282,77.170633
8235,23997,Delhi (NCT),Jahangirpuri,pm25 µg/m³,28.73282,77.170633
8235,23998,Delhi (NCT),Jahangirpuri,so2 µg/m³,28.73282,77.170633
8239,24007,Delhi (NCT),Okhla Phase-2,pm25 µg/m³,28.530785,77.271255
8239,24008,Delhi (NCT),Okhla Phase-2,no2 µg/m³,28.530785,77.271255
8239,24009,Delhi (NCT),Okhla Phase-2,so2 µg/m³,28.530785,77.271255
8239,24010,Delhi (NCT),Okhla Phase-2,co µg/m³,28.530785,77.271255
8239,24011,Delhi (NCT),Okhla Phase-2,pm10 µg/m³,28.530785,77.271255
8245,24024,Madhya Pradesh,Gole Bazar,co µg/m³,23.50016,80.23284
8245,24077,Madhya Pradesh,Gole Bazar,pm10 µg/m³,23.50016,80.23284
8319,24196,Gujarat,Anand Vihar,co µg/m³,28.725645,77.749675
8365,24303,Delhi (NCT),Nehru Nagar,no2 µg/m³,28.56789,77.250515
8472,24602,Delhi (NCT),Bawana,pm10 µg/m³,28.7762,77.051074
8475,24615,Delhi (NCT),Sonia Vihar,co µg/m³,28.710508,77.249485
8557,24857,Telangana,Hyderabad,pm25 µg/m³,17.38405,78.45636
7720,25456,Punjab,Pallavpuram Phase 2,co µg/m³,29.06351,77.709723
7720,25457,Punjab,Pallavpuram Phase 2,no2 µg/m³,29.06351,77.709723
7720,25459,Punjab,Pallavpuram Phase 2,pm10 µg/m³,29.06351,77.709723
7720,25460,Punjab,Pallavpuram Phase 2,pm25 µg/m³,29.06351,77.709723
8915,26026,Delhi (NCT),Wazirpur,pm10 µg/m³,28.699793,77.165453
8916,26027,Kerala,Vyttila,pm25 µg/m³,9.969447,76.321186
8916,26028,Kerala,Vyttila,pm10 µg/m³,9.969447,76.321186
8916,26030,Kerala,Vyttila,no2 µg/m³,9.969447,76.321186
8916,26031,Kerala,Vyttila,co µg/m³,9.969447,76.321186
8917,26032,Delhi (NCT),Ashok Vihar,pm25 µg/m³,28.695381,77.181665
8916,26033,Kerala,Vyttila,so2 µg/m³,9.969447,76.321186
8915,34728,Delhi (NCT),Wazirpur,co µg/m³,28.699793,77.165453
8915,34729,Delhi (NCT),Wazirpur,so2 µg/m³,28.699793,77.165453
8915,34731,Delhi (NCT),Wazirpur,pm25 µg/m³,28.699793,77.165453
8915,34732,Delhi (NCT),Wazirpur,no2 µg/m³,28.699793,77.165453
8092,34750,Delhi (NCT),East Arjun Nagar,so2 µg/m³,28.655935,77.294904
10484,34758,Delhi (NCT),Sri Aurobindo Marg,no2 µg/m³,28.531346,77.190156
10484,34759,Delhi (NCT),Sri Aurobindo Marg,so2 µg/m³,28.531346,77.190156
10485,34760,Delhi (NCT),Narela,no2 µg/m³,28.822836,77.101981
10484,34761,Delhi (NCT),Sri Aurobindo Marg,co µg/m³,28.531346,77.190156
8917,34762,Delhi (NCT),Ashok Vihar,co µg/m³,28.695381,77.181665
10486,34763,Delhi (NCT),Mundka,co µg/m³,28.684678,77.076574
10486,34764,Delhi (NCT),Mundka,no2 µg/m³,28.684678,77.076574
10486,34766,Delhi (NCT),Mundka,pm10 µg/m³,28.684678,77.076574
10486,34767,Delhi (NCT),Mundka,pm25 µg/m³,28.684678,77.076574
8917,34768,Delhi (NCT),Ashok Vihar,no2 µg/m³,28.695381,77.181665
10486,34769,Delhi (NCT),Mundka,so2 µg/m³,28.684678,77.076574
10487,34770,Delhi (NCT),Anand Vihar,so2 µg/m³,28.646835,77.316032
10487,34771,Delhi (NCT),Anand Vihar,pm25 µg/m³,28.646835,77.316032
10484,34772,Delhi (NCT),Sri Aurobindo Marg,pm25 µg/m³,28.531346,77.190156
10488,34773,Delhi (NCT),Najafgarh,so2 µg/m³,28.570173,76.933762
10488,34774,Delhi (NCT),Najafgarh,pm25 µg/m³,28.570173,76.933762
10488,34775,Delhi (NCT),Najafgarh,pm10 µg/m³,28.570173,76.933762
10485,34776,Delhi (NCT),Narela,co µg/m³,28.822836,77.101981
10488,34778,Delhi (NCT),Najafgarh,no2 µg/m³,28.570173,76.933762
10488,34779,Delhi (NCT),Najafgarh,co µg/m³,28.570173,76.933762
10487,34780,Delhi (NCT),Anand Vihar,pm10 µg/m³,28.646835,77.316032
10484,34781,Delhi (NCT),Sri Aurobindo Marg,pm10 µg/m³,28.531346,77.190156
10487,34784,Delhi (NCT),Anand Vihar,no2 µg/m³,28.646835,77.316032
10485,34789,Delhi (NCT),Narela,so2 µg/m³,28.822836,77.101981
10485,34790,Delhi (NCT),Narela,pm25 µg/m³,28.822836,77.101981
10485,34791,Delhi (NCT),Narela,pm10 µg/m³,28.822836,77.101981
10489,34793,Delhi (NCT),ITO,pm10 µg/m³,28.628624,77.24106
8365,34799,Delhi (NCT),Nehru Nagar,co µg/m³,28.56789,77.250515
10489,34821,Delhi (NCT),ITO,no2 µg/m³,28.628624,77.24106
10489,34823,Delhi (NCT),ITO,co µg/m³,28.628624,77.24106
5622,34957,Delhi (NCT),NSIT Dwarka,pm10 µg/m³,28.60909,77.0325413
5657,34959,Uttar Pradesh,Central School,pm10 µg/m³,26.8821003,80.9302753
10537,34961,Karnataka,Vidayagiri,pm10 µg/m³,16.172806,75.659694
10537,34962,Karnataka,Vidayagiri,pm25 µg/m³,16.172806,75.659694
10537,34963,Karnataka,Vidayagiri,so2 µg/m³,16.172806,75.659694
10545,34986,Rajasthan,Civil Lines,so2 µg/m³,26.470859,74.646594
10545,34991,Rajasthan,Civil Lines,pm25 µg/m³,26.470859,74.646594
10545,34992,Rajasthan,Civil Lines,pm10 µg/m³,26.470859,74.646594
10545,34994,Rajasthan,Civil Lines,no2 µg/m³,26.470859,74.646594
10545,34995,Rajasthan,Civil Lines,co µg/m³,26.470859,74.646594
8365,35009,Delhi (NCT),Nehru Nagar,so2 µg/m³,28.56789,77.250515
8365,35010,Delhi (NCT),Nehru Nagar,pm25 µg/m³,28.56789,77.250515
8365,35012,Delhi (NCT),Nehru Nagar,pm10 µg/m³,28.56789,77.250515
10489,35015,Delhi (NCT),ITO,so2 µg/m³,28.628624,77.24106
10489,35016,Delhi (NCT),ITO,pm25 µg/m³,28.628624,77.24106
8475,35047,Delhi (NCT),Sonia Vihar,no2 µg/m³,28.710508,77.249485
8475,35049,Delhi (NCT),Sonia Vihar,pm10 µg/m³,28.710508,77.249485
8475,35050,Delhi (NCT),Sonia Vihar,pm25 µg/m³,28.710508,77.249485
8475,35051,Delhi (NCT),Sonia Vihar,so2 µg/m³,28.710508,77.249485
10599,35189,Bihar,Rajbansi Nagar,co µg/m³,25.599486,85.113666
10599,35204,Bihar,Rajbansi Nagar,no2 µg/m³,25.599486,85.113666
10609,35240,Karnataka,Hebbal 1st Stage,so2 µg/m³,12.210409999999998,76.37376
10609,35241,Karnataka,Hebbal 1st Stage,pm25 µg/m³,12.210409999999998,76.37376
10609,35243,Karnataka,Hebbal 1st Stage,pm10 µg/m³,12.210409999999998,76.37376
10609,35247,Karnataka,Hebbal 1st Stage,no2 µg/m³,12.210409999999998,76.37376
10609,35298,Karnataka,Hebbal 1st Stage,co µg/m³,12.210409999999998,76.37376
10630,35336,Bihar,Govt. High School Shikarpur,so2 µg/m³,25.592539,85.227158
10630,35337,Bihar,Govt. High School Shikarpur,pm25 µg/m³,25.592539,85.227158
10630,35341,Bihar,Govt. High School Shikarpur,pm10 µg/m³,25.592539,85.227158
10599,35349,Bihar,Rajbansi Nagar,pm10 µg/m³,25.599486,85.113666
10630,35350,Bihar,Govt. High School Shikarpur,no2 µg/m³,25.592539,85.227158
10633,35352,West Bengal,Victoria,co µg/m³,22.5448082,88.3403691
10633,35353,West Bengal,Victoria,no2 µg/m³,22.5448082,88.3403691
10633,35355,West Bengal,Victoria,pm10 µg/m³,22.5448082,88.3403691
10633,35356,West Bengal,Victoria,pm25 µg/m³,22.5448082,88.3403691
10630,35360,Bihar,Govt. High School Shikarpur,co µg/m³,25.592539,85.227158
10599,35373,Bihar,Rajbansi Nagar,pm25 µg/m³,25.599486,85.113666
10599,35386,Bihar,Rajbansi Nagar,so2 µg/m³,25.599486,85.113666
10645,35411,Bihar,Industrial Area,so2 µg/m³,25.697189,85.2459
10645,35413,Bihar,Industrial Area,pm25 µg/m³,25.697189,85.2459
10645,35417,Bihar,Industrial Area,pm10 µg/m³,25.697189,85.2459
10645,35427,Bihar,Industrial Area,no2 µg/m³,25.697189,85.2459
10645,35429,Bihar,Industrial Area,co µg/m³,25.697189,85.2459
10633,35447,West Bengal,Victoria,so2 µg/m³,22.5448082,88.3403691
10537,35449,Karnataka,Vidayagiri,co µg/m³,16.172806,75.659694
10537,35472,Karnataka,Vidayagiri,no2 µg/m³,16.172806,75.659694
10670,35515,Bihar,Muradpur,so2 µg/m³,25.619651,85.147382
10670,35516,Bihar,Muradpur,pm25 µg/m³,25.619651,85.147382
10670,35517,Bihar,Muradpur,pm10 µg/m³,25.619651,85.147382
10670,35526,Bihar,Muradpur,no2 µg/m³,25.619651,85.147382
10670,35527,Bihar,Muradpur,co µg/m³,25.619651,85.147382
10695,35625,Punjab,Ratanpura,co µg/m³,30.0325454,76.5623046
10697,35630,Bihar,Samanpura,co µg/m³,25.596727,85.085624
10697,35631,Bihar,Samanpura,no2 µg/m³,25.596727,85.085624
10697,35633,Bihar,Samanpura,pm10 µg/m³,25.596727,85.085624
10697,35635,Bihar,Samanpura,pm25 µg/m³,25.596727,85.085624
10697,35636,Bihar,Samanpura,so2 µg/m³,25.596727,85.085624
10695,35653,Punjab,Ratanpura,no2 µg/m³,30.0325454,76.5623046
10695,35666,Punjab,Ratanpura,pm10 µg/m³,30.0325454,76.5623046
10725,35739,Haryana,Mini Secretariat,so2 µg/m³,28.593883,76.270653
10725,35741,Haryana,Mini Secretariat,pm25 µg/m³,28.593883,76.270653
10725,35755,Haryana,Mini Secretariat,pm10 µg/m³,28.593883,76.270653
10725,35757,Haryana,Mini Secretariat,no2 µg/m³,28.593883,76.270653
10725,35760,Haryana,Mini Secretariat,co µg/m³,28.593883,76.270653
10695,35765,Punjab,Ratanpura,pm25 µg/m³,30.0325454,76.5623046
10695,35842,Punjab,Ratanpura,so2 µg/m³,30.0325454,76.5623046
10747,35845,Kerala,Thavakkara,co µg/m³,11.875,75.3732
10747,35847,Kerala,Thavakkara,pm10 µg/m³,11.875,75.3732
10747,35848,Kerala,Thavakkara,pm25 µg/m³,11.875,75.3732
10747,35850,Kerala,Thavakkara,so2 µg/m³,11.875,75.3732
5631,35977,Gujarat,Maninagar,pm10 µg/m³,23.002657,72.591912
10780,36017,Tamil Nadu,Manali Village,so2 µg/m³,13.1662,80.2584
10780,36018,Tamil Nadu,Manali Village,pm25 µg/m³,13.1662,80.2584
10780,36019,Tamil Nadu,Manali Village,pm10 µg/m³,13.1662,80.2584
10780,36023,Tamil Nadu,Manali Village,no2 µg/m³,13.1662,80.2584
10780,36026,Tamil Nadu,Manali Village,co µg/m³,13.1662,80.2584
6359,36050,Delhi (NCT),IHBAS,pm10 µg/m³,28.6811736,77.3025234
10747,36149,Kerala,Thavakkara,no2 µg/m³,11.875,75.3732
5659,36168,Uttar Pradesh,Lalbagh,pm10 µg/m³,26.8458805,80.9365541
10823,36169,Bihar,Buddha Colony,so2 µg/m³,26.11442,85.39813
10823,36170,Bihar,Buddha Colony,pm25 µg/m³,26.11442,85.39813
10823,36171,Bihar,Buddha Colony,pm10 µg/m³,26.11442,85.39813
10823,36173,Bihar,Buddha Colony,no2 µg/m³,26.11442,85.39813
10823,36174,Bihar,Buddha Colony,co µg/m³,26.11442,85.39813
10825,36177,Haryana,Sector-51,co µg/m³,28.4227,77.0667
10825,36178,Haryana,Sector-51,no2 µg/m³,28.4227,77.0667
10825,36180,Haryana,Sector-51,pm10 µg/m³,28.4227,77.0667
10825,36181,Haryana,Sector-51,pm25 µg/m³,28.4227,77.0667
10825,36182,Haryana,Sector-51,so2 µg/m³,28.4227,77.0667
7777,36185,Karnataka,Lal Bahadur Shastri Nagar,pm25 µg/m³,17.321993,76.822628
7777,36186,Karnataka,Lal Bahadur Shastri Nagar,pm10 µg/m³,17.321993,76.822628
7777,36191,Karnataka,Lal Bahadur Shastri Nagar,no2 µg/m³,17.321993,76.822628
7777,36202,Karnataka,Lal Bahadur Shastri Nagar,co µg/m³,17.321993,76.822628
10831,36208,Delhi (NCT),Rohini,co µg/m³,28.732528,77.11992
10831,36209,Delhi (NCT),Rohini,no2 µg/m³,28.732528,77.11992
5630,36210,Delhi (NCT),Shadipur,pm10 µg/m³,28.6514781,77.1473105
10844,36269,West Bengal,Ghusuri,so2 µg/m³,22.611968,88.347422
10844,36270,West Bengal,Ghusuri,pm25 µg/m³,22.611968,88.347422
10844,36271,West Bengal,Ghusuri,pm10 µg/m³,22.611968,88.347422
10851,36316,West Bengal,Bidhannagar,so2 µg/m³,22.58157048,88.41002457
10851,36317,West Bengal,Bidhannagar,pm25 µg/m³,22.58157048,88.41002457
10851,36318,West Bengal,Bidhannagar,pm10 µg/m³,22.58157048,88.41002457
10851,36320,West Bengal,Bidhannagar,no2 µg/m³,22.58157048,88.41002457
10851,36321,West Bengal,Bidhannagar,co µg/m³,22.58157048,88.41002457
10844,36358,West Bengal,Ghusuri,no2 µg/m³,22.611968,88.347422
10844,36361,West Bengal,Ghusuri,co µg/m³,22.611968,88.347422
10831,36382,Delhi (NCT),Rohini,pm10 µg/m³,28.732528,77.11992
8472,36391,Delhi (NCT),Bawana,pm25 µg/m³,28.7762,77.051074
8472,36394,Delhi (NCT),Bawana,no2 µg/m³,28.7762,77.051074
8472,36395,Delhi (NCT),Bawana,co µg/m³,28.7762,77.051074
10831,36399,Delhi (NCT),Rohini,pm25 µg/m³,28.732528,77.11992
7850,36446,Maharashtra,Bandra,so2 µg/m³,19.0627,72.84614
7850,36447,Maharashtra,Bandra,pm25 µg/m³,19.0627,72.84614
10831,36449,Delhi (NCT),Rohini,so2 µg/m³,28.732528,77.11992
7850,36453,Maharashtra,Bandra,no2 µg/m³,19.0627,72.84614
7850,36455,Maharashtra,Bandra,co µg/m³,19.0627,72.84614
7979,36497,Madhya Pradesh,Deen Dayal Nagar,co µg/m³,23.8640158,78.80289321
7979,36503,Madhya Pradesh,Deen Dayal Nagar,no2 µg/m³,23.8640158,78.80289321
7979,36507,Madhya Pradesh,Deen Dayal Nagar,pm25 µg/m³,23.8640158,78.80289321
7979,36509,Madhya Pradesh,Deen Dayal Nagar,so2 µg/m³,23.8640158,78.80289321
10895,36517,Meghalaya,Lumpyngngad,co µg/m³,25.5586,91.8985
8319,36518,Gujarat,Anand Vihar,pm10 µg/m³,28.725645,77.749675
10896,36519,Madhya Pradesh,Chhoti Gwaltoli,so2 µg/m³,22.431,75.5213
10897,36520,Gujarat,ICRISAT Patancheru,co µg/m³,17.5184,78.278777
8319,36521,Gujarat,Anand Vihar,pm25 µg/m³,28.725645,77.749675
8319,36523,Gujarat,Anand Vihar,so2 µg/m³,28.725645,77.749675
7833,36530,Punjab,Ganga Nagar,pm10 µg/m³,28.999264,77.7590354
7833,36532,Punjab,Ganga Nagar,no2 µg/m³,28.999264,77.7590354
8245,36533,Madhya Pradesh,Gole Bazar,so2 µg/m³,23.50016,80.23284
10900,36534,Haryana,Teri Gram,co µg/m³,28.4275,77.1465
10900,36535,Haryana,Teri Gram,no2 µg/m³,28.4275,77.1465
10901,36537,Nagaland,PWD Juction,co µg/m³,25.6635413,94.0989878
10900,36538,Haryana,Teri Gram,pm10 µg/m³,28.4275,77.1465
10900,36539,Haryana,Teri Gram,pm25 µg/m³,28.4275,77.1465
10900,36540,Haryana,Teri Gram,so2 µg/m³,28.4275,77.1465
10901,36541,Nagaland,PWD Juction,no2 µg/m³,25.6635413,94.0989878
10902,36542,Karnataka,Kalyana Nagara,so2 µg/m³,13.328028,75.797056
10902,36543,Karnataka,Kalyana Nagara,pm25 µg/m³,13.328028,75.797056
10902,36546,Karnataka,Kalyana Nagara,pm10 µg/m³,13.328028,75.797056
10903,36548,Assam,Railway Colony,co µg/m³,26.181742,91.78063
10904,36549,West Bengal,Rabindra Sarobar,co µg/m³,22.51106,88.35142
10903,36550,Assam,Railway Colony,no2 µg/m³,26.181742,91.78063
10904,36551,West Bengal,Rabindra Sarobar,no2 µg/m³,22.51106,88.35142
10905,36552,Haryana,Rishi Nagar,pm10 µg/m³,29.8006,76.4155
10906,36553,Haryana,Murthal,so2 µg/m³,29.0272,77.0621
10907,36554,Madhya Pradesh,City Center,co µg/m³,26.203442,78.193251
8245,36555,Madhya Pradesh,Gole Bazar,pm25 µg/m³,23.50016,80.23284
10906,36556,Haryana,Murthal,pm25 µg/m³,29.0272,77.0621
10906,36557,Haryana,Murthal,pm10 µg/m³,29.0272,77.0621
8245,36558,Madhya Pradesh,Gole Bazar,no2 µg/m³,23.50016,80.23284
10908,36559,Haryana,Sector 11,co µg/m³,28.376058,77.315741
10908,36560,Haryana,Sector 11,no2 µg/m³,28.376058,77.315741
10908,36562,Haryana,Sector 11,pm10 µg/m³,28.376058,77.315741
10908,36564,Haryana,Sector 11,pm25 µg/m³,28.376058,77.315741
10908,36566,Haryana,Sector 11,so2 µg/m³,28.376058,77.315741
10906,36567,Haryana,Murthal,no2 µg/m³,29.0272,77.0621
10906,36568,Haryana,Murthal,co µg/m³,29.0272,77.0621
6961,36569,Madhya Pradesh,Shrivastav Colony,no2 µg/m³,23.81748678,79.446246
10909,36570,Karnataka,Vijay Nagar,so2 µg/m³,12.733409,77.298051
10902,36571,Karnataka,Kalyana Nagara,no2 µg/m³,13.328028,75.797056
10909,36572,Karnataka,Vijay Nagar,pm25 µg/m³,12.733409,77.298051
10909,36573,Karnataka,Vijay Nagar,pm10 µg/m³,12.733409,77.298051
10907,36574,Madhya Pradesh,City Center,no2 µg/m³,26.203442,78.193251
10903,36575,Assam,Railway Colony,pm10 µg/m³,26.181742,91.78063
10905,36577,Haryana,Rishi Nagar,no2 µg/m³,29.8006,76.4155
10905,36578,Haryana,Rishi Nagar,co µg/m³,29.8006,76.4155
10902,36579,Karnataka,Kalyana Nagara,co µg/m³,13.328028,75.797056
10907,36582,Madhya Pradesh,City Center,pm10 µg/m³,26.203442,78.193251
10907,36584,Madhya Pradesh,City Center,pm25 µg/m³,26.203442,78.193251
10910,36587,Haryana,Sector-12,no2 µg/m³,29.6953,77.0027
10910,36589,Haryana,Sector-12,pm10 µg/m³,29.6953,77.0027
10910,36590,Haryana,Sector-12,pm25 µg/m³,29.6953,77.0027
10910,36591,Haryana,Sector-12,so2 µg/m³,29.6953,77.0027
10903,36592,Assam,Railway Colony,pm25 µg/m³,26.181742,91.78063
10907,36593,Madhya Pradesh,City Center,so2 µg/m³,26.203442,78.193251
10909,36594,Karnataka,Vijay Nagar,co µg/m³,12.733409,77.298051
10911,36595,Madhya Pradesh,Marhatal,so2 µg/m³,23.168606,79.932247
10911,36596,Madhya Pradesh,Marhatal,pm25 µg/m³,23.168606,79.932247
10911,36597,Madhya Pradesh,Marhatal,pm10 µg/m³,23.168606,79.932247
10895,36599,Meghalaya,Lumpyngngad,pm10 µg/m³,25.5586,91.8985
10911,36600,Madhya Pradesh,Marhatal,no2 µg/m³,23.168606,79.932247
10905,36601,Haryana,Rishi Nagar,pm25 µg/m³,29.8006,76.4155
10904,36602,West Bengal,Rabindra Sarobar,pm10 µg/m³,22.51106,88.35142
10901,36603,Nagaland,PWD Juction,pm10 µg/m³,25.6635413,94.0989878
10901,36604,Nagaland,PWD Juction,pm25 µg/m³,25.6635413,94.0989878
10912,36606,Madhya Pradesh,Phool Bagh,co µg/m³,26.210536,78.171
10912,36607,Madhya Pradesh,Phool Bagh,pm10 µg/m³,26.210536,78.171
10912,36608,Madhya Pradesh,Phool Bagh,pm25 µg/m³,26.210536,78.171
10904,36609,West Bengal,Rabindra Sarobar,pm25 µg/m³,22.51106,88.35142
10912,36610,Madhya Pradesh,Phool Bagh,so2 µg/m³,26.210536,78.171
10911,36611,Madhya Pradesh,Marhatal,co µg/m³,23.168606,79.932247
10913,36612,Madhya Pradesh,T T Nagar,co µg/m³,23.233584,77.400574
10913,36613,Madhya Pradesh,T T Nagar,no2 µg/m³,23.233584,77.400574
10913,36615,Madhya Pradesh,T T Nagar,pm10 µg/m³,23.233584,77.400574
10913,36616,Madhya Pradesh,T T Nagar,pm25 µg/m³,23.233584,77.400574
10913,36617,Madhya Pradesh,T T Nagar,so2 µg/m³,23.233584,77.400574
10915,36624,Kerala,Polayathode,co µg/m³,8.8787,76.6073
10916,36625,Kerala,Kacheripady,so2 µg/m³,9.985653,76.281342
10916,36626,Kerala,Kacheripady,pm25 µg/m³,9.985653,76.281342
10901,36629,Nagaland,PWD Juction,so2 µg/m³,25.6635413,94.0989878
10916,36630,Kerala,Kacheripady,pm10 µg/m³,9.985653,76.281342
10916,36631,Kerala,Kacheripady,no2 µg/m³,9.985653,76.281342
10903,36635,Assam,Railway Colony,so2 µg/m³,26.181742,91.78063
10916,36636,Kerala,Kacheripady,co µg/m³,9.985653,76.281342
10895,36638,Meghalaya,Lumpyngngad,so2 µg/m³,25.5586,91.8985
10918,36639,West Bengal,Ballygunge,so2 µg/m³,22.5367507,88.3638022
10918,36640,West Bengal,Ballygunge,pm25 µg/m³,22.5367507,88.3638022
10919,36641,Punjab,Sanjay Nagar,co µg/m³,28.685382,77.453839
10915,36643,Kerala,Polayathode,no2 µg/m³,8.8787,76.6073
10918,36644,West Bengal,Ballygunge,pm10 µg/m³,22.5367507,88.3638022
10919,36645,Punjab,Sanjay Nagar,no2 µg/m³,28.685382,77.453839
10918,36648,West Bengal,Ballygunge,no2 µg/m³,22.5367507,88.3638022
10898,36649,Kerala,Palayam,pm10 µg/m³,11.249077,75.78437099999998
10904,36651,West Bengal,Rabindra Sarobar,so2 µg/m³,22.51106,88.35142
10918,36652,West Bengal,Ballygunge,co µg/m³,22.5367507,88.3638022
10915,36653,Kerala,Polayathode,pm10 µg/m³,8.8787,76.6073
10915,36655,Kerala,Polayathode,pm25 µg/m³,8.8787,76.6073
10915,36656,Kerala,Polayathode,so2 µg/m³,8.8787,76.6073
10898,36659,Kerala,Palayam,pm25 µg/m³,11.249077,75.78437099999998
10919,36660,Punjab,Sanjay Nagar,pm10 µg/m³,28.685382,77.453839
10898,36662,Kerala,Palayam,so2 µg/m³,11.249077,75.78437099999998
7752,36663,Maharashtra,Khadakpada,pm25 µg/m³,19.25292,73.142019
7752,36665,Maharashtra,Khadakpada,pm10 µg/m³,19.25292,73.142019
7752,36667,Maharashtra,Khadakpada,no2 µg/m³,19.25292,73.142019
7752,36669,Maharashtra,Khadakpada,co µg/m³,19.25292,73.142019
7140,36671,Punjab,Gomti Nagar,so2 µg/m³,26.86812,81.005119
8319,36673,Gujarat,Anand Vihar,no2 µg/m³,28.725645,77.749675
10919,36675,Punjab,Sanjay Nagar,pm25 µg/m³,28.685382,77.453839
10919,36676,Punjab,Sanjay Nagar,so2 µg/m³,28.685382,77.453839
10898,36677,Kerala,Palayam,co µg/m³,11.249077,75.78437099999998
7833,36678,Punjab,Ganga Nagar,so2 µg/m³,28.999264,77.7590354
10895,36679,Meghalaya,Lumpyngngad,no2 µg/m³,25.5586,91.8985
7833,36680,Punjab,Ganga Nagar,pm25 µg/m³,28.999264,77.7590354
10898,36681,Kerala,Palayam,no2 µg/m³,11.249077,75.78437099999998
10905,36682,Haryana,Rishi Nagar,so2 µg/m³,29.8006,76.4155
10897,36683,Gujarat,ICRISAT Patancheru,so2 µg/m³,17.5184,78.278777
10895,36684,Meghalaya,Lumpyngngad,pm25 µg/m³,25.5586,91.8985
10897,36686,Gujarat,ICRISAT Patancheru,pm25 µg/m³,17.5184,78.278777
7140,36687,Punjab,Gomti Nagar,pm25 µg/m³,26.86812,81.005119
10897,36689,Gujarat,ICRISAT Patancheru,pm10 µg/m³,17.5184,78.278777
7140,36690,Punjab,Gomti Nagar,no2 µg/m³,26.86812,81.005119
10897,36692,Gujarat,ICRISAT Patancheru,no2 µg/m³,17.5184,78.278777
10896,36693,Madhya Pradesh,Chhoti Gwaltoli,co µg/m³,22.431,75.5213
10896,36694,Madhya Pradesh,Chhoti Gwaltoli,no2 µg/m³,22.431,75.5213
2456,36696,Uttar Pradesh,Talkatora District Industries Center,pm10 µg/m³,26.83399722,80.8917361
10896,36698,Madhya Pradesh,Chhoti Gwaltoli,pm10 µg/m³,22.431,75.5213
10896,36699,Madhya Pradesh,Chhoti Gwaltoli,pm25 µg/m³,22.431,75.5213
10921,36700,Haryana,NISE Gwal Pahari,co µg/m³,28.422681,77.148944
10921,36701,Haryana,NISE Gwal Pahari,pm25 µg/m³,28.422681,77.148944
10921,36702,Haryana,NISE Gwal Pahari,no2 µg/m³,28.422681,77.148944
10921,36703,Haryana,NISE Gwal Pahari,pm10 µg/m³,28.422681,77.148944
11577,39315,Karnataka,Vinoba Nagara,pm25 µg/m³,13.94,75.555917
11577,39316,Karnataka,Vinoba Nagara,pm10 µg/m³,13.94,75.555917
11577,39317,Karnataka,Vinoba Nagara,no2 µg/m³,13.94,75.555917
11577,39318,Karnataka,Vinoba Nagara,so2 µg/m³,13.94,75.555917
11577,39319,Karnataka,Vinoba Nagara,co µg/m³,13.94,75.555917
11578,39321,Tamil Nadu,Royapuram,pm25 µg/m³,13.1036,80.2909
11578,39322,Tamil Nadu,Royapuram,pm10 µg/m³,13.1036,80.2909
11578,39323,Tamil Nadu,Royapuram,no2 µg/m³,13.1036,80.2909
11578,39324,Tamil Nadu,Royapuram,so2 µg/m³,13.1036,80.2909
11578,39325,Tamil Nadu,Royapuram,co µg/m³,13.1036,80.2909
11579,39326,Tamil Nadu,Kodungaiyur,pm25 µg/m³,13.1278,80.2642
11579,39327,Tamil Nadu,Kodungaiyur,pm10 µg/m³,13.1278,80.2642
11579,39328,Tamil Nadu,Kodungaiyur,no2 µg/m³,13.1278,80.2642
11579,39329,Tamil Nadu,Kodungaiyur,so2 µg/m³,13.1278,80.2642
11579,39330,Tamil Nadu,Kodungaiyur,co µg/m³,13.1278,80.2642
11580,39332,Tamil Nadu,Meelavittan,pm10 µg/m³,8.816428,78.099039
11580,39333,Tamil Nadu,Meelavittan,co µg/m³,8.816428,78.099039
11581,39335,Tamil Nadu,Arumbakkam,pm25 µg/m³,13.0664,80.2112
11581,39336,Tamil Nadu,Arumbakkam,pm10 µg/m³,13.0664,80.2112
11581,39337,Tamil Nadu,Arumbakkam,no2 µg/m³,13.0664,80.2112
11582,39338,Karnataka,Stuart Hill,pm25 µg/m³,12.415911,75.73505
11582,39339,Karnataka,Stuart Hill,pm10 µg/m³,12.415911,75.73505
11582,39340,Karnataka,Stuart Hill,no2 µg/m³,12.415911,75.73505
11582,39341,Karnataka,Stuart Hill,so2 µg/m³,12.415911,75.73505
11582,39342,Karnataka,Stuart Hill,co µg/m³,12.415911,75.73505
11583,39344,Tripura,Kunjaban,pm25 µg/m³,23.8628276,91.2887362
11583,39345,Tripura,Kunjaban,pm10 µg/m³,23.8628276,91.2887362
11583,39346,Tripura,Kunjaban,no2 µg/m³,23.8628276,91.2887362
11583,39347,Tripura,Kunjaban,so2 µg/m³,23.8628276,91.2887362
11583,39348,Tripura,Kunjaban,co µg/m³,23.8628276,91.2887362
11580,39402,Tamil Nadu,Meelavittan,so2 µg/m³,8.816428,78.099039
11580,39403,Tamil Nadu,Meelavittan,no2 µg/m³,8.816428,78.099039
11602,39404,Maharashtra,Bandra Kurla Complex,pm25 µg/m³,19.053536000000005,72.84643
11602,39405,Maharashtra,Bandra Kurla Complex,pm10 µg/m³,19.053536000000005,72.84643
11602,39406,Maharashtra,Bandra Kurla Complex,no2 µg/m³,19.053536000000005,72.84643
11602,39407,Maharashtra,Bandra Kurla Complex,so2 µg/m³,19.053536000000005,72.84643
11602,39408,Maharashtra,Bandra Kurla Complex,co µg/m³,19.053536000000005,72.84643
11603,39410,Delhi (NCT),Chandni Chowk,pm25 µg/m³,28.656756,77.227234
11603,39411,Delhi (NCT),Chandni Chowk,pm10 µg/m³,28.656756,77.227234
11603,39412,Delhi (NCT),Chandni Chowk,no2 µg/m³,28.656756,77.227234
11603,39413,Delhi (NCT),Chandni Chowk,so2 µg/m³,28.656756,77.227234
11603,39414,Delhi (NCT),Chandni Chowk,co µg/m³,28.656756,77.227234
11604,39416,Maharashtra,Deonar,pm25 µg/m³,19.04946,72.923
11604,39417,Maharashtra,Deonar,pm10 µg/m³,19.04946,72.923
11604,39418,Maharashtra,Deonar,no2 µg/m³,19.04946,72.923
11604,39419,Maharashtra,Deonar,so2 µg/m³,19.04946,72.923
11604,39420,Maharashtra,Deonar,co µg/m³,19.04946,72.923
11606,39428,Maharashtra,Borivali East,pm25 µg/m³,19.23241,72.86895
11606,39429,Maharashtra,Borivali East,pm10 µg/m³,19.23241,72.86895
11606,39430,Maharashtra,Borivali East,no2 µg/m³,19.23241,72.86895
11606,39431,Maharashtra,Borivali East,co µg/m³,19.23241,72.86895
11607,39433,Delhi (NCT),Lodhi Road,pm25 µg/m³,28.588333,77.221667
11607,39434,Delhi (NCT),Lodhi Road,pm10 µg/m³,28.588333,77.221667
11607,39435,Delhi (NCT),Lodhi Road,no2 µg/m³,28.588333,77.221667
11607,39436,Delhi (NCT),Lodhi Road,so2 µg/m³,28.588333,77.221667
11607,39437,Delhi (NCT),Lodhi Road,co µg/m³,28.588333,77.221667
11608,39439,Maharashtra,Bhosari,pm25 µg/m³,18.640051,73.848956
11608,39440,Maharashtra,Bhosari,pm10 µg/m³,18.640051,73.848956
11608,39441,Maharashtra,Bhosari,no2 µg/m³,18.640051,73.848956
11608,39442,Maharashtra,Bhosari,co µg/m³,18.640051,73.848956
11609,39444,Maharashtra,Mhada Colony,pm25 µg/m³,18.57304,73.927715
11609,39445,Maharashtra,Mhada Colony,pm10 µg/m³,18.57304,73.927715
11609,39446,Maharashtra,Mhada Colony,no2 µg/m³,18.57304,73.927715
11609,39447,Maharashtra,Mhada Colony,co µg/m³,18.57304,73.927715
11611,39454,Maharashtra,Malad West,pm25 µg/m³,19.19709,72.82204
11611,39455,Maharashtra,Malad West,pm10 µg/m³,19.19709,72.82204
11611,39456,Maharashtra,Malad West,no2 µg/m³,19.19709,72.82204
11611,39457,Maharashtra,Malad West,so2 µg/m³,19.19709,72.82204
11611,39458,Maharashtra,Malad West,co µg/m³,19.19709,72.82204
11612,39460,Maharashtra,Sector-19A Nerul,pm25 µg/m³,19.044,73.03250000000001
11612,39461,Maharashtra,Sector-19A Nerul,pm10 µg/m³,19.044,73.03250000000001
11612,39462,Maharashtra,Sector-19A Nerul,no2 µg/m³,19.044,73.03250000000001
11612,39463,Maharashtra,Sector-19A Nerul,so2 µg/m³,19.044,73.03250000000001
11612,39464,Maharashtra,Sector-19A Nerul,co µg/m³,19.044,73.03250000000001
11613,39466,Maharashtra,Revenue Colony-Shivajinagar,pm25 µg/m³,18.530085,73.849598
11613,39467,Maharashtra,Revenue Colony-Shivajinagar,pm10 µg/m³,18.530085,73.849598
11613,39468,Maharashtra,Revenue Colony-Shivajinagar,no2 µg/m³,18.530085,73.849598
11613,39469,Maharashtra,Revenue Colony-Shivajinagar,so2 µg/m³,18.530085,73.849598
11613,39470,Maharashtra,Revenue Colony-Shivajinagar,co µg/m³,18.530085,73.849598
11581,39521,Tamil Nadu,Arumbakkam,so2 µg/m³,13.0664,80.2112
12024,40569,Maharashtra,Chakala-Andheri East,co µg/m³,19.11074,72.86084
12024,40571,Maharashtra,Chakala-Andheri East,pm25 µg/m³,19.11074,72.86084
12024,40572,Maharashtra,Chakala-Andheri East,pm10 µg/m³,19.11074,72.86084
12024,40573,Maharashtra,Chakala-Andheri East,so2 µg/m³,19.11074,72.86084
12024,40574,Maharashtra,Chakala-Andheri East,no2 µg/m³,19.11074,72.86084
12042,40606,Maharashtra,Alandi,pm25 µg/m³,18.675076,73.892743
12041,40607,Karnataka,Diwator Nagar,pm25 µg/m³,15.34763,76.181767
12039,40608,Maharashtra,Khindipada-Bhandup West,pm25 µg/m³,19.164394,72.928297
12040,40609,Maharashtra,Mulund West,co µg/m³,19.175,72.9419
12040,40612,Maharashtra,Mulund West,no2 µg/m³,19.175,72.9419
12043,40614,Karnataka,Haji Colony,pm10 µg/m³,16.208139,77.348417
12039,40615,Maharashtra,Khindipada-Bhandup West,pm10 µg/m³,19.164394,72.928297
12044,40616,Maharashtra,Kandivali East,co µg/m³,19.2058,72.8682
12039,40617,Maharashtra,Khindipada-Bhandup West,so2 µg/m³,19.164394,72.928297
12043,40619,Karnataka,Haji Colony,pm25 µg/m³,16.208139,77.348417
12044,40620,Maharashtra,Kandivali East,so2 µg/m³,19.2058,72.8682
12041,40621,Karnataka,Diwator Nagar,so2 µg/m³,15.34763,76.181767
12045,40622,Uttar Pradesh,IITK,co µg/m³,26.511738999999995,80.235136
12044,40624,Maharashtra,Kandivali East,no2 µg/m³,19.2058,72.8682
12040,40628,Maharashtra,Mulund West,pm10 µg/m³,19.175,72.9419
12041,40629,Karnataka,Diwator Nagar,pm10 µg/m³,15.34763,76.181767
12041,40631,Karnataka,Diwator Nagar,no2 µg/m³,15.34763,76.181767
12042,40632,Maharashtra,Alandi,pm10 µg/m³,18.675076,73.892743
12043,40633,Karnataka,Haji Colony,co µg/m³,16.208139,77.348417
12039,40636,Maharashtra,Khindipada-Bhandup West,co µg/m³,19.164394,72.928297
12042,40637,Maharashtra,Alandi,co µg/m³,18.675076,73.892743
12039,40639,Maharashtra,Khindipada-Bhandup West,no2 µg/m³,19.164394,72.928297
12040,40640,Maharashtra,Mulund West,so2 µg/m³,19.175,72.9419
12040,40641,Maharashtra,Mulund West,pm25 µg/m³,19.175,72.9419
12045,40642,Uttar Pradesh,IITK,pm25 µg/m³,26.511738999999995,80.235136
12043,40647,Karnataka,Haji Colony,so2 µg/m³,16.208139,77.348417
12044,40650,Maharashtra,Kandivali East,pm25 µg/m³,19.2058,72.8682
12042,40651,Maharashtra,Alandi,no2 µg/m³,18.675076,73.892743
12044,40652,Maharashtra,Kandivali East,pm10 µg/m³,19.2058,72.8682
42240,227034,Assam,Pan Bazaar,so2 µg/m³,26.1875,91.744194
42240,227035,Assam,Pan Bazaar,pm25 µg/m³,26.1875,91.744194
42240,227037,Assam,Pan Bazaar,pm10 µg/m³,26.1875,91.744194
42240,227038,Assam,Pan Bazaar,co µg/m³,26.1875,91.744194
42240,227039,Assam,Pan Bazaar,no2 µg/m³,26.1875,91.744194
5615,234003,Chhattisgarh,Sidhu Kanhu Indoor Stadium,pm25 µg/m³,23.5404352,87.2892225
697,234638,West Bengal,Haldia,pm25 µg/m³,22.06047,88.109737
